"ID","ag-2016","ag-2020","auditor-2016","auditor-2020","gov-2018","gov-2022","president-2016","president-2020","senator-2016","senator-2018","senator-2022","treasurer-2016","treasurer-2020"
1,0.6615,0.672664504655299,0.684113766627014,0.633505044000859,0.733455321744434,0.737159811745447,0.635677601928519,0.640605937372916,0.624556645107448,0.728042435988983,0.690796915167095,0.710991957104558,0.652201727263034
2,0.5648,0.585264900662252,0.584741203056064,0.529393039049236,0.652090097402597,0.653011311525527,0.537675872850443,0.544099756690998,0.530580403578115,0.641012606750712,0.595814526056627,0.624183356538503,0.558665684520678
3,0.4774,0.538802432237452,0.501329362969265,0.475504625735913,0.597568389057751,0.62797800855223,0.473283239407222,0.511131349929164,0.4487895716946,0.573396818964644,0.547275886742308,0.535232224465937,0.50171535502651
4,0.3972,0.409468438538206,0.39676290463692,0.356059802778072,0.489171326893747,0.480857580398162,0.368853322101716,0.376866050573779,0.37387292933529,0.480980471928397,0.424912208221442,0.451644309822588,0.383305298570227
5,0.3712,0.380913119653715,0.346501008813847,0.341926019071571,0.44626334519573,0.447565351101999,0.334030100334448,0.366342648845687,0.342410015649452,0.425038167938931,0.394203801807417,0.379658875552748,0.368181347686575
6,0.367,0.355342012812565,0.360180412371134,0.315352260778128,0.427683212720416,0.414462261260341,0.325722031070796,0.333333333333333,0.330187690049282,0.419321999389189,0.367840955912649,0.387290039584894,0.331146516713527
7,0.4959,0.462850683383003,0.500106564364876,0.430455259026688,0.525081234768481,0.477845528455285,0.448579722164628,0.438138593829034,0.465445892820194,0.527058584627881,0.458405990357985,0.505906140257529,0.441687344913151
8,0.3254,0.344654217114714,0.361514797920866,0.280769632960368,0.389250814332248,0.390129499337208,0.27533062584609,0.291409491045229,0.305034129692833,0.367091186958737,0.332649081391768,0.358647983741577,0.291381810648436
9,0.4526,0.447101077475629,0.478807737025684,0.383342063907805,0.492484257566525,0.471336931066083,0.374329343788692,0.370845539953531,0.420896785109983,0.469842878864673,0.407836701200123,0.496768040690898,0.406191950464396
10,0.9339,0.936314921681781,0.930609731061384,0.933367662203914,0.958952583156405,0.959113450055662,0.950771116331325,0.942383107088989,0.929842296805499,0.958489419864331,0.943965079687341,0.93744231360886,0.930167885467092
11,0.3525,0.363318237958007,0.38380055638776,0.304247509176717,0.418497700562085,0.418079673135853,0.298192456378644,0.312170385395538,0.326014779907893,0.397565715454638,0.362292051756007,0.383157441309498,0.310169315466916
12,0.3357,0.419073960254046,0.37384550797649,0.358841241823279,0.46023826494247,0.502037489812551,0.351092611862643,0.399716513111269,0.322553810959759,0.434211865269156,0.421460628314973,0.361457233368532,0.361478117258464
13,0.4449,0.46563078822803,0.413008305468666,0.441630185532625,0.539969527679025,0.525119739121573,0.458685887391622,0.488317993324568,0.426525919732441,0.521761288349811,0.487651780201688,0.448658549725245,0.451819685690653
14,0.4325,0.444581661006483,0.486950986632718,0.372146839171137,0.50386493083808,0.478300827121413,0.367116182572614,0.376544460198501,0.402045381911154,0.481296503924167,0.419238683127572,0.475868725868726,0.389522821576763
15,0.4152,0.402324863697151,0.467414303851037,0.335294117647059,0.474280465401102,0.455185790118416,0.335649828855928,0.336267071320182,0.377682861719167,0.456453091575838,0.396265134414119,0.453857630008525,0.353881278538813
16,0.5491,0.554615781330583,0.60971986417657,0.490939738727349,0.61516568408213,0.586563043255957,0.476476062454762,0.481737012987013,0.515616671996589,0.594961240310078,0.534360554699538,0.601693099014145,0.506619409986448
17,0.3047,0.291147067917139,0.31315732989912,0.249475451112044,0.359914233204002,0.332449250229522,0.269774751178628,0.270698051948052,0.286396434634975,0.350341871619553,0.298732089475312,0.316566135286514,0.258962901382105
18,0.5601,0.545473187737107,0.535717967219874,0.506986854362902,0.626101042826769,0.602980200040825,0.5437944908697,0.526151050080775,0.525078848306033,0.605826819612222,0.539977303208501,0.562724750847632,0.527029804727646
19,0.8299,0.844089390142022,0.858345611450221,0.824913349438084,0.8801501928151,0.884305937468174,0.831924108063518,0.825621337643969,0.82136184347104,0.876449054301403,0.862006079027356,0.848542660307366,0.824897830870795
20,0.5591,0.628968665698278,0.628653723063794,0.568303712272584,0.669891049791264,0.69143846075537,0.545397357936674,0.581674116212922,0.542616033755274,0.653885480572597,0.637086092715232,0.601311404923143,0.577652110168604
21,0.6088,0.668955472326259,0.675695931477516,0.606044650379107,0.707252568406062,0.730694882490589,0.5856665273715,0.616163662143002,0.586181434599156,0.695012264922322,0.67651553744269,0.647491349480969,0.619447653050509
22,0.7469,0.699092899593369,0.738381918039713,0.682141718899394,0.768901569186876,0.698115150890926,0.723850663375501,0.669965663502323,0.723131450015636,0.751933251933252,0.674870734229576,0.760152284263959,0.685528659750603
23,0.7835,0.843961302402996,0.809837458833528,0.812317022166458,0.868254937894523,0.902705989662511,0.822864842454395,0.834393618095527,0.769562538508934,0.86144578313253,0.858385595792029,0.793664383561644,0.81797138047138
24,0.8808,0.907428690836903,0.901205838798392,0.892744810232753,0.93062176691348,0.935823463913352,0.903697600164796,0.901057934508816,0.879847752288859,0.928433268858801,0.918668012108981,0.89307774227902,0.893352965923433
25,0.5515,0.600041169205434,0.61663179916318,0.54402088772846,0.631674941736751,0.648481154119679,0.510826974633945,0.544884121040381,0.523814530543581,0.61142160349558,0.596386153689981,0.599325179249262,0.549792531120332
26,0.481,0.550404480398258,0.469751668307625,0.520673329826407,0.610039791857974,0.618872549019608,0.518382352941177,0.56644349766687,0.476710029374738,0.591221413188391,0.581718878812861,0.509051490514905,0.533979570564936
27,0.6063,0.657012825817129,0.678030704076231,0.602396972245585,0.696163994317029,0.71492613346918,0.588419079358467,0.609810479375697,0.579762030114773,0.684055017829852,0.658646003262643,0.655080213903743,0.614646359273941
28,0.3931,0.480454359394187,0.450654107796965,0.413032217963327,0.517636326778836,0.560158794788274,0.409752547307132,0.457789910019209,0.37401329455754,0.494818126397074,0.482821711730026,0.420265430798399,0.420987527059066
29,0.5093,0.563818889571809,0.484350790207623,0.526880610876071,0.616889699918897,0.654104022754978,0.543781198003328,0.585907530789421,0.489441624365482,0.594882729211087,0.585587424721854,0.500257546100752,0.544043581046356
30,0.4405,0.546788426020932,0.500104733975702,0.481262327416174,0.578583765112263,0.627389182594551,0.475315729047072,0.529209274071074,0.427979274611399,0.559951184785925,0.551909792767168,0.473307360219017,0.490380637153496
31,0.5259,0.571049136786189,0.494183053639452,0.530181293778327,0.626542585474408,0.661111675642719,0.559622563251763,0.590601996571544,0.494523326572008,0.605489719436848,0.590078595488415,0.515745204636373,0.552102564102564
32,0.6279,0.673437822231388,0.693280384575191,0.626945169712794,0.708215297450425,0.717740296687665,0.611099649267588,0.631344792719919,0.613007959782153,0.694213197969543,0.675947566304237,0.66733424686413,0.631344058121432
33,0.5206,0.569145096421574,0.587875593041645,0.506345044572627,0.610140215403373,0.635151638510075,0.500934579439252,0.520356491796638,0.492997788775403,0.595859677748317,0.568807339449541,0.560525192143467,0.51653838152694
34,0.7957,0.830879303193696,0.837263157894737,0.80845276702584,0.856998279526364,0.866010751597525,0.804103515826374,0.811800302571861,0.790242386575513,0.84650548557497,0.837900697744969,0.824010190001061,0.80928967465216
35,0.6582,0.659262320487654,0.725804760406837,0.611263157894737,0.695136778115501,0.690321268808459,0.591581108829569,0.581454140964708,0.637591745558983,0.67958892958893,0.645417515274949,0.711605723370429,0.620725496310155
36,0.6588,0.697293895531781,0.726181545386346,0.648268513585509,0.738104920699471,0.752349816101349,0.612832321540716,0.641762257638818,0.635938827527613,0.726343756386675,0.714925677051517,0.700681744399957,0.663562281722934
37,0.3057,0.340974212034384,0.317702227432591,0.317320633605963,0.416411824668705,0.437563555013219,0.312716580909377,0.355034986309705,0.305188728293647,0.387902896776826,0.374718986306969,0.307264362897186,0.316673536685903
38,0.5623,0.602284420662688,0.653394803017603,0.529571862242228,0.643009010833249,0.642559251347777,0.49426830527729,0.518769604371142,0.529878371232152,0.62306753458096,0.585072803176866,0.622823779193206,0.550160805062766
39,0.4566,0.481930184804928,0.535527690700104,0.409583333333333,0.532880048711183,0.527899176745604,0.392561983471074,0.412080129502226,0.421947613012252,0.510966693744923,0.466415248190806,0.501743264659271,0.424831867563373
40,0.4015,0.490631719053957,0.463280357328347,0.425002591479216,0.519776876267748,0.561859332183091,0.415406916545869,0.461896098645644,0.385723166183174,0.499036217916202,0.489396245560629,0.430873888016745,0.432089859851608
41,0.4297,0.46285243877341,0.452505609573672,0.437245696400626,0.54525993883792,0.567355666429081,0.445698017714045,0.476620346891165,0.434864497227163,0.509805924412666,0.492177114224358,0.443153705496397,0.436540854417254
42,0.5625,0.651560407868988,0.620155855096883,0.605416666666667,0.694106925880923,0.734247967479675,0.605972323379461,0.643413203922758,0.553933747412008,0.678890694839496,0.67183698296837,0.595440084835631,0.611975923619759
43,0.2995,0.317090759245905,0.306510138740662,0.293681462140992,0.38494535798182,0.3989816700611,0.300699300699301,0.32559323760057,0.293391886240067,0.360852197070573,0.341999794471277,0.301590713671539,0.293684538006844
44,0.4478,0.518571869533903,0.50136669470143,0.456773386171655,0.559098294069862,0.581416649704865,0.449227258583135,0.483697853381936,0.426588750913075,0.54133577682753,0.514562118126273,0.480435702199662,0.465810194778284
45,0.552,0.586604842864503,0.620599054125066,0.526960527693435,0.627800871945655,0.639240506329114,0.508178053830228,0.526816433920259,0.517774505679428,0.611624834874505,0.5782874617737,0.597969757851327,0.542402826855124
46,0.4517,0.47877793725651,0.511647429171039,0.413990229705852,0.533850709690595,0.538039614017268,0.406681190994917,0.43190779496512,0.415491475478847,0.514747762408462,0.477053017197517,0.488534291450914,0.428822495606327
47,0.3766,0.404754553874653,0.462170706006322,0.369799853295609,0.501320601381552,0.498311329444274,0.361247775567884,0.399837464445347,0.36751867045335,0.452397995705082,0.425973492242885,0.383642405402508,0.373388773388773
48,0.4423,0.450815468253154,0.498210902967796,0.382490880667014,0.500612870275792,0.487445359357528,0.381258422307453,0.393207318305873,0.40864210638072,0.488798783578307,0.432140307943306,0.480203260639424,0.404222291213909
49,0.6844,0.676244014157818,0.702650705429671,0.662927293893534,0.753827311696265,0.731224489795918,0.703847363455289,0.678513403736799,0.68528553563985,0.740812974748512,0.694046644844517,0.700053734551316,0.657594472940437
50,0.4766,0.41969977380218,0.520498349483548,0.357255437637911,0.51128818061089,0.449918400652795,0.34930160372478,0.332962475978558,0.43667982502934,0.510112816343124,0.398668032786885,0.528814284186892,0.375596102011196
51,0.4787,0.429780724120347,0.517411369834277,0.373496474491912,0.515739236393176,0.461554047208996,0.359774820880246,0.353012290953053,0.432734952481521,0.513442223800345,0.410008153281696,0.518522438611346,0.38753081347576
52,0.4366,0.386122448979592,0.478420665756589,0.329024919863509,0.467568117120781,0.409072498987444,0.323475235366353,0.310257960499798,0.385007432575918,0.463040162684291,0.362590367579676,0.476558365964652,0.346911553457829
53,0.5431,0.588721338566412,0.505968306235851,0.54535920293655,0.630379489266456,0.64167854960277,0.551810759891145,0.576821862348178,0.50823672971324,0.613606273551278,0.598516840045319,0.540368199115499,0.564155844155844
54,0.6969,0.721648419747986,0.675490596892886,0.69400863430557,0.764211166278245,0.766517584874975,0.711377493024698,0.717832273690584,0.664705882352941,0.74949124949125,0.720656073808303,0.701860179885527,0.702930174563591
55,0.4057,0.438976982097187,0.458302737857967,0.376727272727273,0.479371515458692,0.483818440871158,0.366556496591613,0.385159725030328,0.380606443461781,0.454065040650406,0.42157862533143,0.44002531912649,0.389341305020101
56,0.3932,0.41704998466728,0.443824952661477,0.347010672469174,0.466808769792935,0.474514192695086,0.328921517940234,0.354499494438827,0.35304640639798,0.434190466510824,0.402956167176351,0.426445757703672,0.360559613208518
57,0.4087,0.442791174961519,0.45783004873914,0.370107504435863,0.482909460834181,0.494596247960848,0.348863754280378,0.379987846870569,0.371687955241212,0.454832789559543,0.425855901890649,0.440580939255804,0.384360435007768
58,0.4359,0.413539216688823,0.485478058087768,0.351975051975052,0.47766043866775,0.450543864999492,0.34070114115349,0.342089310971914,0.39404572036151,0.459742105797543,0.390336091531311,0.472942920681987,0.36679695535898
59,0.3699,0.381587041213861,0.425333615759373,0.315570358034971,0.440767434778195,0.427114148729981,0.298697270471464,0.317248356095094,0.338541666666667,0.420325203252033,0.365126523921729,0.412303107705407,0.32923680677476
60,0.3973,0.380209402586738,0.453494538127055,0.310207919757601,0.44422939798309,0.425239356284376,0.306295149638803,0.306507196432191,0.350320512820513,0.425876835236542,0.367173065079039,0.444991438356164,0.327040763406286
61,0.5522,0.610287350444831,0.505199836867863,0.561897855588936,0.646273637374861,0.694610778443114,0.584455958549223,0.61655729429581,0.511973325250076,0.62249443207127,0.62460341827858,0.539495114006515,0.582673928681533
62,0.4257,0.406776180698152,0.457883369330454,0.335951408524453,0.477712192143293,0.439463250991156,0.348232848232848,0.34211059347782,0.389821331889551,0.468705402650357,0.383425527555829,0.464984775989561,0.358038768529076
63,0.311,0.274317275237803,0.337837837837838,0.214360258818618,0.347024052181003,0.312430011198208,0.224800580130529,0.219075553757459,0.278332796218713,0.33543852500764,0.266872110939908,0.346660949726659,0.227470028937578
64,0.3327,0.331308555544116,0.341023714990879,0.264889453083677,0.398961620686145,0.374987248801387,0.280894181552282,0.28727825646224,0.31656836461126,0.378033856822354,0.331750129065565,0.359192921881744,0.279103699843669
65,0.3255,0.311343190983352,0.320676936428726,0.275450996940606,0.382703473566263,0.376963884921445,0.284325002614242,0.29179362177534,0.29585798816568,0.376945772713399,0.336223805099618,0.353326063249727,0.291423205342237
66,0.2674,0.239152681129758,0.295717777069387,0.185440133500209,0.281720211468076,0.283545593479368,0.190795583531111,0.197832252836305,0.235549289664895,0.293627401158654,0.235457348406989,0.298123324396783,0.208475100525827
67,0.2583,0.246378300626734,0.245679539150843,0.218782791185729,0.294129595774934,0.283746273259998,0.23120787973043,0.244147157190635,0.23984546308865,0.306668021955682,0.266205615194055,0.260832168584023,0.225833075415248
68,0.2504,0.237407101568951,0.233661881294193,0.210736842105263,0.284954485015854,0.273497295642412,0.222268731686898,0.236424649176327,0.239509565585033,0.294939808202408,0.251370075483404,0.255642361111111,0.208082901554404
69,0.2859,0.239636512150296,0.310272316265377,0.190104978692444,0.31116098755356,0.28260648571719,0.200061747452918,0.204848484848485,0.232191925597125,0.317674512987013,0.229385153197615,0.311321759505805,0.218519278096801
70,0.5127,0.585831622176591,0.490432825130461,0.543256201792787,0.630390767361814,0.65235049243578,0.545889698231009,0.58390618681763,0.491992702209609,0.607102993404363,0.597807152372169,0.5263319044703,0.561759554960338
71,0.4003,0.338844662175954,0.436026037776118,0.279154518950437,0.411519707436002,0.386391375101709,0.279393564356436,0.283201940570042,0.337489343563512,0.40918305290898,0.315155880234592,0.446760744066709,0.32077215319848
72,0.476,0.416163064631773,0.522230514980275,0.352423829965449,0.477784540474741,0.462017561772514,0.350966008885215,0.353667172483561,0.412583696460835,0.479375696767001,0.390918472652219,0.53299057412168,0.396911991765311
73,0.3652,0.288550086974317,0.385107062959412,0.241419003767267,0.370009143553795,0.332790555668634,0.250980392156863,0.245924875974486,0.314816816167729,0.383505992281129,0.277731958762887,0.40008576329331,0.276580385686295
74,0.5438,0.563514902363823,0.534084809447128,0.543118693435972,0.623845763571791,0.600895036615134,0.555717104579915,0.565085465763123,0.533082470994042,0.608987393249288,0.574621485219899,0.566827180310326,0.551450098049334
75,0.3507,0.294823167606356,0.375385925689343,0.253753280839895,0.355532994923858,0.348662122291179,0.260219962647852,0.262404870624049,0.314956390653602,0.374035728786033,0.29692973418504,0.382485511912428,0.280661840744571
76,0.393,0.359609455292909,0.378923766816143,0.311607049744499,0.441644562334218,0.38917762152247,0.328680070840713,0.327116066903193,0.368935131117953,0.415904006508033,0.355748373101952,0.416728902165795,0.323477721492815
77,0.5433,0.576659751037344,0.552877307274701,0.546521374685666,0.639459957042037,0.648395313295975,0.571383382539013,0.594197017348078,0.533361486486486,0.632669813256721,0.604865085854456,0.551962288971717,0.568079539508111
78,0.223,0.169481180061038,0.225021258503401,0.139884631231974,0.227768795472918,0.207881673589302,0.152943577186001,0.15448136958711,0.188344594594595,0.236061924516847,0.170362800204394,0.228687560166863,0.157513270722744
79,0.3721,0.342064556048262,0.39200852424081,0.310399159663866,0.397720333808264,0.421288287371527,0.315018695471541,0.334344967121902,0.347603288139212,0.400815494393476,0.363935776039522,0.385705086928525,0.331261653200746
80,0.263,0.232643866475527,0.271713985278654,0.202057998129093,0.292217029059134,0.302415262837426,0.214109165808445,0.230443121025538,0.241055408970976,0.293508076805852,0.24752070340456,0.27095001585121,0.217976373908577
81,0.2961,0.248232763036574,0.297115384615385,0.21450214188695,0.317363442172719,0.296882932277389,0.232177961717538,0.235329825981384,0.267706441619485,0.315960912052117,0.255948089401586,0.306045203849897,0.23070582174137
82,0.525,0.521833609271523,0.525210993291495,0.489686943775521,0.604865085854456,0.592098564300988,0.530708661417323,0.533921508974749,0.509828788839569,0.606655027215775,0.546330463304633,0.532437745740498,0.510810810810811
83,0.3786,0.385856079404466,0.39268968456948,0.349312913038917,0.433993062640278,0.4140081799591,0.34047668827096,0.363322852216249,0.369597935927757,0.412226985099,0.376022362563412,0.410533131879991,0.349558899844318
84,0.2611,0.25651282051282,0.272209927284224,0.216897593499323,0.310471150910756,0.289527302363488,0.204632406162755,0.225940573978298,0.242654129714713,0.289746192893401,0.245867768595041,0.291309931506849,0.222325007708911
85,0.3141,0.307802727365939,0.312211858046532,0.263278722738182,0.386045094454601,0.356604925707307,0.276001660784721,0.28619153674833,0.298096352228012,0.351516385100753,0.311040230476386,0.331355200690548,0.270577300423422
86,0.2684,0.257228109887849,0.319439991450251,0.212171912579734,0.344746524938675,0.337851610273135,0.219835227865262,0.233878338580278,0.245640153126329,0.309645709604751,0.276261373035567,0.286500485594043,0.226448336615193
87,0.3544,0.425407566902491,0.412723449001052,0.380664652567976,0.493528992153266,0.531788958056945,0.378256775138642,0.436243654822335,0.349869723814487,0.440130439213288,0.454004717464875,0.373401534526854,0.397555417443547
88,0.4128,0.486065235342692,0.469894870978018,0.436727425099518,0.556407896082643,0.592501787720911,0.438743455497382,0.492182741116751,0.406082852648138,0.50066441786773,0.514896239983563,0.4332296471093,0.456746321611187
89,0.3208,0.332819088758614,0.323080209334615,0.302216182312356,0.392719137685581,0.393502538071066,0.303742203742204,0.335836800974323,0.308596620132256,0.367297132397804,0.345305284761416,0.330992003457964,0.310733878480489
90,0.2529,0.249974250695231,0.242970594548186,0.224168677226476,0.302799756542909,0.300619729757188,0.231885560277807,0.249492694805195,0.238405036726128,0.28713777325877,0.264325323475046,0.259074655975729,0.232126180346581
91,0.3467,0.347063074223186,0.368816396609078,0.322790795418724,0.434114052953157,0.435477305108895,0.335207162190298,0.350857606820258,0.34498000420964,0.411518431532727,0.379983559391697,0.358857391115456,0.326740918080566
92,0.2951,0.327687095780721,0.356386358822283,0.289476434319156,0.404181540030597,0.418155825589707,0.288360895959807,0.325956755659324,0.290855519309692,0.360461554171347,0.353104155977424,0.305677793281099,0.302205197225386
93,0.3332,0.359400826446281,0.398835362625728,0.333996440163334,0.424353492160456,0.448615384615385,0.324976496396114,0.36350706085543,0.329451264295457,0.394782608695652,0.388067364962005,0.336809288325091,0.334825611660593
94,0.3244,0.332128099173554,0.390495428449926,0.305879877984643,0.417142274765593,0.421827099938688,0.301681813433615,0.330352606442435,0.314068761864586,0.387531936637711,0.361142504880304,0.32919723780751,0.307547760726589
95,0.6535,0.64561038961039,0.730230599136569,0.625701280829893,0.709585413058979,0.712483331623756,0.653934942287513,0.638189935064935,0.643271156075456,0.68754492247664,0.66088295687885,0.669185105234754,0.623387519664394
96,0.5474,0.593675725948124,0.561818181818182,0.572309299895507,0.663773739023892,0.686564123459305,0.586887668918919,0.613142392849888,0.55102889212222,0.63721168631471,0.625510620915033,0.552472468149428,0.569914814045294
97,0.3491,0.394399425582111,0.364826348569619,0.368721461187215,0.462548341135762,0.490640895218718,0.370335330600231,0.412911084043849,0.352703542573027,0.43030488426634,0.420655168894785,0.35596642227181,0.370400906935999
98,0.3223,0.365800865800866,0.344501718213058,0.329389592712805,0.439021894823,0.457981053274931,0.320960236886633,0.371861339839382,0.317093658126837,0.399856645504813,0.390001026588646,0.328028580708022,0.335801439149025
99,0.2823,0.289652334910512,0.279820436083796,0.263668614357262,0.356356968215159,0.355589586523737,0.269408308854385,0.292064136391313,0.27286027798098,0.338867386433082,0.306078370873187,0.286737967914439,0.27268025240509
100,0.2552,0.249718324285568,0.259762308998302,0.22389454017023,0.325664257355187,0.315345528455285,0.245980371685112,0.251467908483499,0.253181723346547,0.307198205546493,0.27083120335344,0.260342979635584,0.230341704405105
101,0.4074,0.400391833367705,0.441499472016895,0.367043551088777,0.473304179802705,0.476599223380339,0.390185703911194,0.390105433901054,0.395162986330179,0.439474220501325,0.409673418768086,0.424274744027304,0.374572228559577
102,0.2801,0.29565845106734,0.314288742845029,0.256592716617832,0.366524129505192,0.380234335201223,0.255809107012608,0.286322619892528,0.270330133952115,0.329422566823097,0.313010230443319,0.291266282297672,0.268358643644685
103,0.5927,0.632557656347392,0.643656322567026,0.592756369762055,0.687921520539546,0.703169734151329,0.61733681462141,0.634562633343493,0.592638672887506,0.652205054742658,0.651778413736713,0.61349104859335,0.61056833701019
104,0.6421,0.682730093071355,0.68158844765343,0.637820174976283,0.711269760326364,0.706249360744605,0.654018089198461,0.666801619433198,0.634230926152591,0.681660899653979,0.666461727636028,0.659339525283798,0.658271501724318
105,0.5839,0.648980012363486,0.635700339122392,0.580486785751593,0.685094685400122,0.699622872286209,0.594420154070373,0.633488749239814,0.567419158023185,0.643053715217613,0.640744909444388,0.603025936599424,0.618458016855686
106,0.3799,0.464458887857217,0.429014900662252,0.406446871062579,0.511929037520392,0.544062085162871,0.404215162000629,0.457470564352416,0.379046257530889,0.46393225181104,0.47781989550251,0.399004562422231,0.427394116419779
107,0.347,0.312984195847536,0.348104702943413,0.265267376858981,0.412988072178611,0.35007308415118,0.240182364521811,0.264038110683154,0.30913019989195,0.346423135464231,0.298216507673165,0.387160602396394,0.277195893394172
108,0.3644,0.365450222268169,0.359895493141737,0.317795275590551,0.432724676119555,0.415131854332357,0.306470157834222,0.337096938256535,0.333833780160858,0.387821490291756,0.370289855072464,0.390619875368973,0.325252315055665
109,0.4012,0.393851568160646,0.411846764674321,0.336146866427516,0.441538618093009,0.420944768931243,0.331656711725872,0.34384858044164,0.376062856527823,0.396747967479675,0.378255005705986,0.469674077271746,0.386153045288912
110,0.3299,0.327280231118448,0.327584336695954,0.285232067510549,0.380202474690664,0.371833008513694,0.291701505016722,0.307324516785351,0.331593257205003,0.370645752699124,0.337336922758335,0.350374470856399,0.269982421673043
111,0.3346,0.326687904634673,0.333767361111111,0.287839111762857,0.367396841569027,0.354239019407559,0.288155016147515,0.304787934001417,0.325373459818995,0.36723278755212,0.324881467738611,0.355774493705528,0.287827076222981
112,0.6363,0.612823674475956,0.692192513368984,0.564517814230488,0.674901285815531,0.628539417396618,0.512230364330684,0.533582466417534,0.585323491098567,0.63336027480299,0.583350378400491,0.686012705933025,0.578734858681023
113,0.6258,0.622604574490006,0.665594510560738,0.573906644238856,0.666025121555916,0.640228361708635,0.552008238928939,0.567305751765893,0.595671368579735,0.634262063395922,0.599509352959215,0.662768240343348,0.584059775840598
114,0.5958,0.6090573012939,0.633843519212244,0.556078677547604,0.652151898734177,0.634285714285714,0.521864686468647,0.558280351195883,0.561083055764478,0.616217857865965,0.58932761963065,0.627087598319147,0.56864371630029
115,0.5698,0.591942148760331,0.557476051645148,0.568860386879731,0.62263959390863,0.595182198632234,0.547905433430112,0.576315789473684,0.56387348531526,0.597260273972603,0.572473472751623,0.589759600374649,0.57174025974026
116,0.474,0.444706364661269,0.49317697228145,0.392793733681462,0.480445795339412,0.432959183673469,0.362520458265139,0.361388636592996,0.435158501440922,0.380092779346511,0.379512496143166,0.518105553785707,0.406819820747914
117,0.3513,0.362561677631579,0.365349609165864,0.302872062663185,0.393215189873418,0.373217922606925,0.266275236918006,0.302574457344775,0.320716277074845,0.321345590463683,0.3258104226508,0.394933732364258,0.33023831631074
118,0.568,0.565079365079365,0.6108206167965,0.502979613173027,0.597652297105849,0.57568035878096,0.461277732128184,0.486069049061175,0.525755457576083,0.550913311131295,0.525706677591151,0.611533112228523,0.520912940204482
119,0.528,0.516374088902577,0.548955966677486,0.457664463330186,0.546127331711273,0.528207739307536,0.409212695795548,0.432612649020004,0.481089258698941,0.477343828842466,0.475167095115681,0.562364894076956,0.469018309713458
120,0.4896,0.525970026688565,0.509500426985482,0.459456635318704,0.542439914815942,0.541204033818886,0.421583770981361,0.458451273756571,0.461039651323483,0.486060606060606,0.485927745368949,0.521651023890785,0.475875606984193
121,0.5981,0.602930554122382,0.618945102260495,0.54592211609111,0.611111111111111,0.595916283818275,0.49177614565015,0.527033855482567,0.555543629923795,0.559687880016214,0.546665300686405,0.627213822894168,0.565870449567122
122,0.4193,0.380722147927168,0.413458427693303,0.336930330015715,0.436354378818737,0.418200408997955,0.322832189644417,0.337757066153379,0.381414701803051,0.392596348884381,0.382091097308489,0.443164693218515,0.346451812829253
123,0.4188,0.412300683371298,0.43030303030303,0.35255528515501,0.503872019563888,0.448028673835125,0.318860103626943,0.340745253325211,0.391413043478261,0.419161676646707,0.388657214345288,0.47212543554007,0.359277058086084
124,0.3524,0.342694300518135,0.333548873801056,0.299968357768168,0.418806030969845,0.388559148587802,0.29406240217051,0.31383896842319,0.32984963207849,0.376387898543343,0.344450234497134,0.377287405812702,0.313797059130253
125,0.3394,0.386300524529466,0.403901437371663,0.3158004810206,0.452337211675852,0.474101963976799,0.329095456440183,0.361305361305361,0.330036704730832,0.394953708413877,0.396036554060992,0.365878725590956,0.348439282381002
126,0.5885,0.589544513457557,0.565788080872235,0.5530749789385,0.647310513447433,0.624216904590736,0.553386911595867,0.556999289412242,0.560675562969141,0.635845213849287,0.585859634551495,0.573686414067406,0.57508087237817
127,0.7039,0.684883116883117,0.701078421107737,0.66423589093215,0.738381573583367,0.704559585492228,0.703061754021795,0.658479650867756,0.69263397475688,0.729168786244786,0.677055290950507,0.720154311333542,0.673804052642574
128,0.3957,0.425584765058994,0.381644562334218,0.391619407687461,0.490124210954999,0.49462915601023,0.382876282185472,0.42345904298459,0.379564315352697,0.469629025682837,0.450253125322864,0.413974534357571,0.402101539741989
129,0.5789,0.604323211528564,0.564280458320193,0.571578066136459,0.660270078180526,0.654185473943373,0.591349661281918,0.593344155844156,0.56564404503667,0.641484494153533,0.603668590272053,0.587755102040816,0.589980292500778
130,0.3894,0.38216428719222,0.355089437819421,0.345584374671847,0.457858306188925,0.45485257985258,0.348263925312074,0.368543886352106,0.353596336004996,0.442576174462448,0.411624286455631,0.404311529113389,0.360024958402662
131,0.4209,0.45480779140472,0.38876098786103,0.42177866025708,0.521275515385397,0.528338430173293,0.419179797558176,0.457038761258982,0.385169927909372,0.496181651562977,0.478216088165619,0.422054823184767,0.432577874366139
132,0.5499,0.579814624098867,0.52543804095419,0.545577805590321,0.643242143801485,0.652825953886962,0.550507141378597,0.577047522750253,0.511702568351284,0.615267175572519,0.5963613937712,0.554557938100771,0.560095159288374
133,0.5928,0.588186528497409,0.569782468231747,0.56044650379107,0.655010224948875,0.639869080495039,0.544989561586639,0.56807131280389,0.543643263757116,0.628521845651286,0.599277605779154,0.605475040257649,0.569641367806505
134,0.6361,0.621403436141586,0.621791458089253,0.59755583649389,0.681790375203915,0.654982115482882,0.62018481985256,0.607012565869477,0.604403631430658,0.659511698880977,0.619140826207891,0.649152723009698,0.604895833333333
135,0.6409,0.654036754078051,0.625517812758906,0.632982602354412,0.706277342557737,0.70176512600755,0.639397089397089,0.648028311425683,0.609100204498978,0.682387694815117,0.663697788697789,0.642324425108763,0.638297872340425
136,0.5884,0.587802095218338,0.56760710553814,0.56524942117449,0.647597719869707,0.631288343558282,0.564268560091887,0.572515212981744,0.557547655847501,0.631084804571895,0.598520649270598,0.596829700698717,0.572876397450632
137,0.4804,0.51015592942142,0.457172342621259,0.47993762993763,0.574442190669371,0.575568935605674,0.463308457711443,0.50262891809909,0.446079934580395,0.544559480308567,0.526310380267215,0.494994323459593,0.493338841268202
138,0.4038,0.415156507413509,0.376527864097783,0.382841039557457,0.490293729037504,0.469650521152667,0.371559156538901,0.402225594334851,0.373446965807578,0.457723577235772,0.427495874587459,0.416063675832127,0.397928534438115
139,0.3495,0.36951596292482,0.344059405940594,0.342195808570535,0.414094232331438,0.392047188040273,0.320920156798019,0.36010101010101,0.344462109167992,0.390038547372692,0.36610621283576,0.356560017178441,0.343501189122118
140,0.5913,0.574470284237726,0.571652065081352,0.539532935385904,0.659051680373642,0.634784385857347,0.551896623593164,0.552588996763754,0.547295224460579,0.639432884536924,0.582894329098234,0.601575456053068,0.561307053941909
141,0.6285,0.590904382057391,0.610415362137341,0.558300914730312,0.676168176728087,0.650466523121091,0.566756925640492,0.557423536560664,0.57119442737144,0.66530487182106,0.600062311766539,0.64414694894147,0.580172503377325
142,0.5122,0.518188338969157,0.484701761615329,0.476421923474664,0.598764181523501,0.593505039193729,0.502174363222199,0.509805903760615,0.47719654647029,0.57498223169865,0.526342816062442,0.511709120788825,0.502415458937198
143,0.4391,0.474003912282508,0.405733873480835,0.436142575080536,0.537319503762457,0.555464926590538,0.447034120734908,0.485514586709887,0.411818738518065,0.511824668705403,0.499794111591517,0.428068722831712,0.454432605772215
144,0.4996,0.526816786079836,0.461681279009799,0.475051759834369,0.592825293879206,0.608700071145442,0.489110143123833,0.516722239062342,0.453372612759041,0.567235425553524,0.537307297019527,0.492149820420729,0.500873497071216
145,0.4187,0.433615527565559,0.38925404277517,0.401022644265888,0.503872808805544,0.499591920016323,0.404448621553885,0.433799675587997,0.389982658369887,0.479865085854456,0.457331544732226,0.41327378479435,0.414664457332229
146,0.5081,0.572093504344228,0.501645751902901,0.536603453755694,0.62274900803744,0.630354957160343,0.526260724000837,0.562461975258568,0.503413143148242,0.605196128374936,0.5856330749354,0.542945100051308,0.549187161317216
147,0.4061,0.460453141091658,0.375089697590979,0.424065176519741,0.50893763965062,0.527038015856881,0.422294123786661,0.463049200242964,0.383826069287819,0.484947111472742,0.477349768875193,0.414287176338143,0.440273037542662
148,0.7124,0.751324908275581,0.672725426482535,0.708775910075281,0.784972264246092,0.827540917357042,0.747409459320817,0.758433189004128,0.667304015296367,0.773278125631186,0.760490573687411,0.695899309784815,0.729571984435798
149,0.6525,0.694815881505863,0.624282786885246,0.660106216807248,0.740226858416042,0.773519870235199,0.693525031030203,0.710550227158001,0.620400323493732,0.727023458921499,0.712161336321043,0.649375895232249,0.677545961578186
150,0.4719,0.579932147630307,0.480249693000409,0.541601419772419,0.633272431993504,0.658137882018479,0.549656464709557,0.591855295068715,0.488645579886456,0.609128799430721,0.604217854217854,0.513132345426674,0.55852877363364
151,0.589,0.633561994471178,0.529585798816568,0.573584512905912,0.6753088920397,0.706676136363636,0.599337405528523,0.626841574167508,0.531480545730167,0.651710486245051,0.633033155955792,0.565212961076014,0.596868884540117
152,0.6166,0.633645051896003,0.552499230216566,0.579605124973745,0.674040998579257,0.69151957800771,0.595014601585315,0.607966033158108,0.54877677393158,0.655846138190699,0.627646454265159,0.587283710453568,0.599439775910364
153,0.6993,0.707327056897258,0.61134389371487,0.638981985756179,0.726195299837925,0.755314841060943,0.66096600331675,0.672222222222222,0.603575396424604,0.708210697249569,0.685854757758886,0.644285714285714,0.657420823845995
154,0.7901,0.813620071684588,0.755915952672379,0.782509584499016,0.837592162407838,0.856016177957533,0.802699361219864,0.807940346634422,0.748510251489748,0.827614130984918,0.815821624923641,0.777992868059093,0.79526017516744
155,0.4865,0.56323136932868,0.466916488222698,0.533686286722724,0.625713121434393,0.643198697731204,0.544050104384134,0.592026712536679,0.4764821929187,0.603690864600326,0.597764790320927,0.503737718923537,0.547282664741673
156,0.5383,0.583136489678546,0.51160809371672,0.551098673300166,0.658806789307857,0.668500968103536,0.590155386380227,0.615376833586242,0.520252118206241,0.637178964533225,0.613392034401556,0.541573749601784,0.565952184666117
157,0.5112,0.584236352484155,0.485669125395153,0.549824633794099,0.646689613282041,0.681781211874746,0.594619858745326,0.634673671448778,0.4992835209826,0.625608766233766,0.615517944535073,0.509653725078699,0.567138171381714
158,0.5057,0.567049415624359,0.484647480475019,0.536218347862183,0.6296784663759,0.648494129657989,0.55642469753859,0.600485240598463,0.49156227352728,0.608700071145442,0.60083990576667,0.514538289487698,0.550216539492679
159,0.7149,0.702232739993827,0.701057386305307,0.690133500208594,0.755591539317883,0.731168566775244,0.723759737597376,0.705265281420214,0.703365774533658,0.746250506688285,0.709634346754314,0.718315617334424,0.685308933895343
160,0.4393,0.499490212071778,0.415836446658364,0.466083376222337,0.56206373292868,0.592325652218049,0.494186046511628,0.533837619768028,0.425005094762584,0.537215189873418,0.529027650239771,0.441867688166477,0.482931316434996
161,0.5274,0.567573093436925,0.50542411406137,0.537406483790524,0.636382031566168,0.649049700172782,0.55379517448483,0.580840743734842,0.509393723976846,0.618085862173957,0.602918507861474,0.535046248715313,0.551345245430273
162,0.5458,0.574212739768181,0.530353086929589,0.543988269794721,0.64515476431317,0.648238647933211,0.554279209355273,0.573507123370718,0.526246185147508,0.625190452006094,0.611626468769326,0.561736631427692,0.554526748971193
163,0.5574,0.622935685711355,0.539923561615536,0.594580510682647,0.657974530018193,0.697083629712428,0.576751427088739,0.629292929292929,0.534963970364356,0.644304823672477,0.66197761577164,0.57136989114808,0.606437679967092
164,0.7919,0.819069146203637,0.783528445265968,0.811583653946137,0.84039648022656,0.843715069606747,0.804965630450395,0.815672844480258,0.778767331241777,0.835763466990684,0.825766871165644,0.799815592664686,0.807902047535755
165,0.526,0.575216726160122,0.509713228492137,0.541683948569059,0.639894800728303,0.663724893487523,0.58103912233492,0.598970424952054,0.511077389984826,0.61894139119854,0.613334694711048,0.533278638088401,0.558377714051618
166,0.5675,0.619824597185397,0.54966955803387,0.582132863509172,0.68502024291498,0.70250532508368,0.612960082944531,0.636226034308779,0.536659567995132,0.669808452417148,0.645977950183748,0.574704370179949,0.602356557377049
167,0.5086,0.58222130979265,0.488919667590028,0.552192391417021,0.644968010561592,0.671374860278427,0.571517671517672,0.620351657235247,0.497059127025075,0.623413544522286,0.615605160761827,0.518035221727138,0.569251364432087
168,0.5051,0.574717327085668,0.480905815748842,0.544667697063369,0.627419191407437,0.675659229208925,0.581424276977299,0.618792894630602,0.490944045330365,0.612255250076088,0.607135575942915,0.501642036124795,0.558327369389633
169,0.3063,0.327789256198347,0.335611318739989,0.304794879865701,0.397734231475811,0.415856777493606,0.293465760585468,0.334890333062551,0.305204382638011,0.373836555180526,0.357025133910177,0.31277628032345,0.305749765209225
170,0.5489,0.511796547850066,0.502669952762374,0.459229251064714,0.583316481294237,0.560782723309338,0.477132895816243,0.456826196473552,0.476915271435819,0.570778564206269,0.48305171530978,0.56174606419955,0.47649353315541
171,0.3382,0.323360065803002,0.351887601887602,0.281917120133947,0.398774259448417,0.402527259757465,0.287058331591052,0.310330871192958,0.310551687198715,0.396052766131506,0.342818708609272,0.354404257630064,0.305849408836341
172,0.6033,0.57961393116127,0.569927909371782,0.533720688939614,0.642582861762328,0.628027155740197,0.558820507551628,0.535563167439049,0.541979314540661,0.625404203718674,0.555385244226446,0.614746543778802,0.554723561390912
173,0.6181,0.598069418771822,0.590801278746004,0.563818675579695,0.667375886524823,0.642733651988203,0.560895461080304,0.558423228147999,0.561844650310496,0.655759294904265,0.57226442208992,0.648548866782894,0.585655314757482
174,0.6352,0.601679295515052,0.606881631812094,0.566306381209728,0.670740329259671,0.65539648695299,0.580284865252587,0.557502517623364,0.576637887252412,0.659219571370805,0.585598522925428,0.652423404037299,0.580140090646889
175,0.8134,0.830065359477124,0.800839014158364,0.813288828622093,0.887106598984772,0.902238881572282,0.845747982619491,0.84398951189996,0.799593495934959,0.884097859327217,0.870833755445244,0.817143455936288,0.819916579770594
176,0.4435,0.457166477214013,0.429881225255262,0.425690578720723,0.502083968689641,0.471411068000817,0.404831018038565,0.438215914850482,0.443413729128015,0.471567831031682,0.444983484723369,0.464624361779723,0.433662337662338
177,0.7057,0.670888704318937,0.697361560120972,0.649414988932223,0.7734375,0.731440825079138,0.671378456458935,0.643954710877477,0.673271371667858,0.769215128100854,0.691128036228901,0.737791601866252,0.661261638246678
178,0.4385,0.461060142711519,0.406986273304651,0.413251155624037,0.531177362304194,0.551265115333808,0.441212871287129,0.456716718734254,0.404192829653636,0.504148118170781,0.471425645227366,0.43026706231454,0.439136661211129
179,0.9128,0.869275688966294,0.910674271745773,0.870644193982008,0.929527836504581,0.88376103053048,0.909737751575524,0.853548062405637,0.902589520534089,0.928492183560262,0.869733360472217,0.920916030534351,0.863921125603369
180,0.9039,0.830562397372742,0.904094280199126,0.832829598749349,0.908632004038364,0.852108372377266,0.903382621024914,0.808910791511616,0.894492636675408,0.909595399051559,0.83969465648855,0.915415821501014,0.825097796994029
181,0.9237,0.912899555187752,0.920259285934767,0.911106506423539,0.956301328196289,0.955222368554351,0.939487179487179,0.922403381642512,0.917518469790507,0.954989816700611,0.941851024964481,0.923377558366759,0.90558607109545
182,0.8393,0.865265760197775,0.826505276225947,0.845375722543353,0.90968917687557,0.925810033309781,0.886177194421657,0.884193580843143,0.827115559599636,0.90441400304414,0.898049914115388,0.837952430196484,0.853351234121656
183,0.4088,0.416109453759901,0.377847769028871,0.380324437467295,0.484743694060212,0.479624144622613,0.360404503753128,0.398076923076923,0.370113035362439,0.450234072867902,0.436217386820666,0.421891381841057,0.393801181714523
184,0.7389,0.705888440442927,0.748411954597522,0.686125299697696,0.790982776089159,0.784331610418567,0.696735660591082,0.677786736545051,0.704949690009147,0.780735622840886,0.742857142857143,0.766965029142381,0.702598752598753
185,0.7623,0.719750434693669,0.771824386268718,0.705391196783837,0.798910851149657,0.746558704453441,0.740412979351032,0.70462311557789,0.740856738735098,0.788490661282181,0.713544316678539,0.786389990845285,0.716026625704045
186,0.9169,0.903758777364725,0.917971970321517,0.897642679900744,0.943849727327813,0.938918152350081,0.92891430905934,0.906026763255861,0.911005366001822,0.941444635801844,0.925111471422781,0.923994651856423,0.893485005170631
187,0.4259,0.457334019557385,0.399319583244737,0.421932114882507,0.52804308067466,0.532952458681902,0.418009774357908,0.458931822779688,0.390289643675766,0.492585821653463,0.481157331136738,0.4336273780423,0.434399917158538
188,0.9372,0.947434819175778,0.931479538300105,0.944675974161284,0.966958113054087,0.969037741576444,0.959876859928168,0.954421974041654,0.932660272589601,0.967406803829701,0.959765467044076,0.93369119040101,0.940478689901323
189,0.5708,0.585696543158766,0.553498588013806,0.565418109327458,0.624315554654228,0.59187423438138,0.551617236746926,0.574850904680077,0.56507413509061,0.606758676679521,0.570108807226442,0.587058946707151,0.566607828885889
190,0.9723,0.962479608482871,0.968417856058305,0.964391691394659,0.980902603276711,0.974506247480854,0.975846387064174,0.960522350577599,0.969086698217702,0.980995475113122,0.966285309304445,0.972064777327935,0.955480847595762
191,0.9656,0.957589968396371,0.963491100323625,0.958819913952059,0.97550446742295,0.966841362628502,0.968383838383838,0.954723421343239,0.962814070351759,0.976286173633441,0.96002024291498,0.969081539860564,0.951172273190622
192,0.9589,0.95959595959596,0.955877878080941,0.960886437908497,0.97387459807074,0.966938816651547,0.962329113924051,0.956386292834891,0.952817824377457,0.974449250578413,0.959834075273169,0.961682716675114,0.95381792231624
193,0.324,0.307438697712755,0.349253731343284,0.274945031933829,0.39781988590057,0.385750636132316,0.301617110067814,0.301733752407989,0.311525495153814,0.364915859255482,0.330592950364813,0.331574981160512,0.287021630615641
194,0.7362,0.776091476091476,0.71833350823801,0.747459935058133,0.823026851098454,0.848857287963433,0.748853689037099,0.776170729240417,0.702073332652436,0.80936830288805,0.81218170706865,0.745141065830721,0.762556124047196
195,0.9237,0.924778761061947,0.917008196721312,0.918369453044376,0.955137920581995,0.955769230769231,0.943979591836735,0.935412474849095,0.915320952765442,0.95321045169131,0.93873417721519,0.923888547428806,0.915187783739166
196,0.3293,0.337480719794345,0.413114409009578,0.306402598763492,0.418455590599247,0.41937461679951,0.298729695960017,0.327990260728416,0.314980524265712,0.382518125191463,0.353473078503905,0.340163055138382,0.312091333679294
197,0.9559,0.900853645994035,0.953858635026874,0.90172395994632,0.962157809983897,0.929526123936817,0.95642943792964,0.883559577677225,0.948327961321515,0.962645992750705,0.917216191539008,0.958430497820136,0.896360271437384
198,0.9652,0.956174482899857,0.963120999695215,0.957213215678227,0.97526395173454,0.965750656698323,0.969703110750836,0.953319919517103,0.95937909484931,0.975646573412499,0.958937442968671,0.968150928086013,0.949124782475177
199,0.3871,0.40764396827032,0.42170723928989,0.37442396313364,0.486174880114274,0.494484167517875,0.383089770354906,0.410917207792208,0.376322682032478,0.44435376925431,0.441748071979434,0.395674163348757,0.384559359067735
200,0.9665,0.967017257224548,0.962853352382896,0.965971796443899,0.979166666666667,0.974524217097976,0.97310736756647,0.967259214622878,0.960274248840492,0.978755537656061,0.966221682847896,0.96765306122449,0.96187653311529
201,0.9729,0.970506912442396,0.969647586066409,0.971478403611368,0.983387031816351,0.977566693613581,0.977687626774848,0.967132375113077,0.968469829757228,0.983783239323127,0.971805273833671,0.974137053253233,0.964509180428762
202,0.7406,0.736912613355317,0.724680938657884,0.720976322102848,0.795227019921124,0.765844711636438,0.710858197477699,0.709443099273608,0.704788045135712,0.793061596035198,0.72488234090444,0.763548816719598,0.730646325121122
203,0.8648,0.840416836943196,0.859799713876967,0.836014851485149,0.890130916414904,0.861276940200344,0.859078866924801,0.824937154348919,0.846613344132834,0.888082274652148,0.836844783715013,0.874554162845205,0.83246234245312
