{"type":"FeatureCollection", "features": [
{"type":"Feature","geometry":{"type":"Point","coordinates":[1620156.8898182255,319819.39233950176]},"properties":{"CLASS":1,"LAT":38.904734,"LNG":-77.016293,"NAME":"Washington, D.C.","ST":"MA","anchor":"start","dx":8,"dy":3,"label_text":"Washington, D.C.","text_ancho":"start"}},
{"type":"Feature","geometry":{"type":"Point","coordinates":[-1843239.228600841,-1046226.5247405826]},"properties":{"CLASS":2,"LAT":61.1919,"LNG":-149.7621,"NAME":"Anchorage","ST":"AK","anchor":"middle","dx":-2,"dy":19,"label_text":"Anchorage","text_ancho":"middle"}},
{"type":"Feature","geometry":{"type":"Point","coordinates":[-1803685.5370154532,-895036.3010913943]},"properties":{"CLASS":3,"LAT":64.83809,"LNG":-147.7263,"NAME":"Fairbanks","ST":"AK","anchor":"middle","dx":2,"dy":-8,"label_text":"Fairbanks","text_ancho":"middle"}},
{"type":"Feature","geometry":{"type":"Point","coordinates":[-1519849.3982479803,-1134589.9648502548]},"properties":{"CLASS":3,"LAT":58.3514,"LNG":-134.5115,"NAME":"Juneau","ST":"AK","anchor":"middle","dx":0,"dy":-9,"label_text":"Juneau","text_ancho":"middle"}},
{"type":"Feature","geometry":{"type":"Point","coordinates":[753959.845329971,-730629.3235796482]},"properties":{"CLASS":3,"LAT":30.6795,"LNG":-88.1033,"NAME":"Mobile","ST":"AL","anchor":"middle","dx":0,"dy":-10,"label_text":"Mobile","text_ancho":"middle"}},
{"type":"Feature","geometry":{"type":"Point","coordinates":[852988.080452125,-269931.0460847751]},"properties":{"CLASS":4,"LAT":34.7123,"LNG":-86.5963,"NAME":"Huntsville","ST":"AL","anchor":"end","dx":-8.9921875,"dy":4,"label_text":"Huntsville","text_ancho":"end"}},
{"type":"Feature","geometry":{"type":"Point","coordinates":[908478.4535986152,-528224.1787130482]},"properties":{"CLASS":3,"LAT":32.3615,"LNG":-86.2791,"NAME":"Montgomery","ST":"AL","anchor":"middle","dx":4,"dy":15,"label_text":"Montgomery","text_ancho":"middle"}},
{"type":"Feature","geometry":{"type":"Point","coordinates":[846219.7909939457,-403986.69240500464]},"properties":{"CLASS":1,"LAT":33.5248,"LNG":-86.8127,"NAME":"Birmingham","ST":"AL","anchor":"middle","dx":4,"dy":-10,"label_text":"Birmingham","text_ancho":"middle"}},
{"type":"Feature","geometry":{"type":"Point","coordinates":[780456.9785279492,-447696.385536178]},"properties":{"CLASS":3,"LAT":33.189281,"LNG":-87.565155,"NAME":"Tuscaloosa","ST":"AL","anchor":"middle","dx":4,"dy":14,"label_text":"Tuscaloosa","text_ancho":"middle"}},
{"type":"Feature","geometry":{"type":"Point","coordinates":[144237.76945910323,-237502.79642914212]},"properties":{"CLASS":3,"LAT":35.3687,"LNG":-94.3987,"NAME":"Fort Smith","ST":"AR","anchor":"start","dx":7.9140625,"dy":4,"label_text":"Fort Smith","text_ancho":"start"}},
{"type":"Feature","geometry":{"type":"Point","coordinates":[333173.8496533823,-303067.33612590225]},"properties":{"CLASS":2,"LAT":34.736,"LNG":-92.3311,"NAME":"Little Rock","ST":"AR","anchor":"middle","dx":0,"dy":-9,"label_text":"Little Rock","text_ancho":"middle"}},
{"type":"Feature","geometry":{"type":"Point","coordinates":[164110.61935758684,-157919.05709959753]},"properties":{"CLASS":3,"LAT":36.07638165,"LNG":-94.1609091,"NAME":"Fayetteville","ST":"AR","anchor":"start","dx":8.71875,"dy":4,"label_text":"Fayetteville","text_ancho":"start"}},
{"type":"Feature","geometry":{"type":"Point","coordinates":[474875.909799092,-174062.3778888646]},"properties":{"CLASS":4,"LAT":35.82806365,"LNG":-90.69404559,"NAME":"Jonesboro","ST":"AR","anchor":"end","dx":-7.8515625,"dy":4,"label_text":"Jonesboro","text_ancho":"end"}},
{"type":"Feature","geometry":{"type":"Point","coordinates":[-1393459.9929757402,-481493.51327043306]},"properties":{"CLASS":3,"LAT":32.2145,"LNG":-110.9182,"NAME":"Tucson","ST":"AZ","anchor":"middle","dx":-1,"dy":-9,"label_text":"Tucson","text_ancho":"middle"}},
{"type":"Feature","geometry":{"type":"Point","coordinates":[-1475927.519849158,-319352.2649922682]},"properties":{"CLASS":1,"LAT":33.5284,"LNG":-112.0763,"NAME":"Phoenix","ST":"AZ","anchor":"middle","dx":0,"dy":-9,"label_text":"Phoenix","text_ancho":"middle"}},
{"type":"Feature","geometry":{"type":"Point","coordinates":[-2277417.797035103,347952.19698980334]},"properties":{"CLASS":3,"LAT":37.7599,"LNG":-122.4374,"NAME":"San Francisco","ST":"CA","anchor":"start","dx":9.28125,"dy":4,"label_text":"San Francisco","text_ancho":"start"}},
{"type":"Feature","geometry":{"type":"Point","coordinates":[-2243720.3559028916,285361.4269121189]},"properties":{"CLASS":4,"LAT":37.3041,"LNG":-121.8727,"NAME":"San Jose","ST":"CA","anchor":"middle","dx":2,"dy":16,"label_text":"San Jose","text_ancho":"middle"}},
{"type":"Feature","geometry":{"type":"Point","coordinates":[-2172389.3053010884,411156.6020682496]},"properties":{"CLASS":3,"LAT":38.5556,"LNG":-121.4689,"NAME":"Sacramento","ST":"CA","anchor":"start","dx":-5.4375,"dy":-8,"label_text":"Sacramento","text_ancho":"start"}},
{"type":"Feature","geometry":{"type":"Point","coordinates":[-2081761.4294355395,181468.30101394095]},"properties":{"CLASS":4,"LAT":36.7815,"LNG":-119.7921,"NAME":"Fresno","ST":"CA","anchor":"start","dx":7.3671875,"dy":5,"label_text":"Fresno","text_ancho":"start"}},
{"type":"Feature","geometry":{"type":"Point","coordinates":[-1953115.9276772398,-309911.7265190126]},"properties":{"CLASS":3,"LAT":32.7795,"LNG":-117.1463,"NAME":"San Diego","ST":"CA","anchor":"end","dx":-9.5703125,"dy":4,"label_text":"San Diego","text_ancho":"end"}},
{"type":"Feature","geometry":{"type":"Point","coordinates":[-2030591.241049589,-142011.74977216194]},"properties":{"CLASS":1,"LAT":34.0862,"LNG":-118.376,"NAME":"Los Angeles","ST":"CA","anchor":"end","dx":-9.8046875,"dy":4,"label_text":"Los Angeles","text_ancho":"end"}},
{"type":"Feature","geometry":{"type":"Point","coordinates":[-760456.9214508517,285408.6296044851]},"properties":{"CLASS":1,"LAT":39.7263,"LNG":-104.9655,"NAME":"Denver","ST":"CO","anchor":"start","dx":10.0234375,"dy":5,"label_text":"Denver","text_ancho":"start"}},
{"type":"Feature","geometry":{"type":"Point","coordinates":[-754696.6751034651,187746.259098656]},"properties":{"CLASS":3,"LAT":38.8634,"LNG":-104.7919,"NAME":"Colorado Springs","ST":"CO","anchor":"end","dx":-9.8125,"dy":3,"label_text":"Colorado Springs","text_ancho":"end"}},
{"type":"Feature","geometry":{"type":"Point","coordinates":[-746056.3055823853,119821.58478358202]},"properties":{"CLASS":4,"LAT":38.26693616,"LNG":-104.6203911,"NAME":"Pueblo","ST":"CO","anchor":"middle","dx":5,"dy":18,"label_text":"Pueblo","text_ancho":"middle"}},
{"type":"Feature","geometry":{"type":"Point","coordinates":[-761080.9481384852,379200.37933627935]},"properties":{"CLASS":4,"LAT":40.5591,"LNG":-105.078,"NAME":"Fort Collins","ST":"CO","anchor":"end","dx":-8.5078125,"dy":4,"label_text":"Fort Collins","text_ancho":"end"}},
{"type":"Feature","geometry":{"type":"Point","coordinates":[1879655.9877679902,639948.051967599]},"properties":{"CLASS":4,"LAT":41.1886,"LNG":-73.1959,"NAME":"Bridgeport","ST":"CT","anchor":"middle","dx":1,"dy":16,"label_text":"Bridgeport","text_ancho":"middle"}},
{"type":"Feature","geometry":{"type":"Point","coordinates":[1898376.788396996,658687.5208370113]},"properties":{"CLASS":3,"LAT":41.3111,"LNG":-72.9231,"NAME":"New Haven","ST":"CT","anchor":"start","dx":9.625,"dy":4,"label_text":"New Haven","text_ancho":"start"}},
{"type":"Feature","geometry":{"type":"Point","coordinates":[1905001.0716964905,712404.1847498356]},"properties":{"CLASS":1,"LAT":41.7626,"LNG":-72.6886,"NAME":"Hartford","ST":"CT","anchor":"middle","dx":1,"dy":-9,"label_text":"Hartford","text_ancho":"middle"}},
{"type":"Feature","geometry":{"type":"Point","coordinates":[1723073.2912248652,438109.3394093944]},"properties":{"CLASS":1,"LAT":39.74856366,"LNG":-75.55158158,"NAME":"Wilmington","ST":"DE","anchor":"middle","dx":6,"dy":18,"label_text":"Wilmington","text_ancho":"middle"}},
{"type":"Feature","geometry":{"type":"Point","coordinates":[1739201.9809975475,374338.50202255277]},"properties":{"CLASS":4,"LAT":39.1619,"LNG":-75.5266,"NAME":"Dover","ST":"DE","anchor":"middle","dx":0,"dy":17,"label_text":"Dover","text_ancho":"middle"}},
{"type":"Feature","geometry":{"type":"Point","coordinates":[1121271.5540816542,-717979.0020254856]},"properties":{"CLASS":4,"LAT":30.4518,"LNG":-84.2728,"NAME":"Tallahassee","ST":"FL","anchor":"start","dx":-10.8203125,"dy":-9,"label_text":"Tallahassee","text_ancho":"start"}},
{"type":"Feature","geometry":{"type":"Point","coordinates":[1428868.7090320964,-889702.3968540048]},"properties":{"CLASS":3,"LAT":28.5335,"LNG":-81.3758,"NAME":"Orlando","ST":"FL","anchor":"middle","dx":-4,"dy":-8,"label_text":"Orlando","text_ancho":"middle"}},
{"type":"Feature","geometry":{"type":"Point","coordinates":[1371554.2578756004,-698295.4793087477]},"properties":{"CLASS":3,"LAT":30.3194,"LNG":-81.66,"NAME":"Jacksonville","ST":"FL","anchor":"middle","dx":3,"dy":16,"label_text":"Jacksonville","text_ancho":"middle"}},
{"type":"Feature","geometry":{"type":"Point","coordinates":[1332048.5683431076,-967020.4069499681]},"properties":{"CLASS":3,"LAT":27.9709,"LNG":-82.4646,"NAME":"Tampa","ST":"FL","anchor":"end","dx":-10.9375,"dy":3,"label_text":"Tampa","text_ancho":"end"}},
{"type":"Feature","geometry":{"type":"Point","coordinates":[1589435.5759654972,-1067467.7363054077]},"properties":{"CLASS":4,"LAT":26.71,"LNG":-80.0644,"NAME":"W. Palm Beach","ST":"FL","anchor":"end","dx":-3.2890625,"dy":-9,"label_text":"W. Palm Beach","text_ancho":"end"}},
{"type":"Feature","geometry":{"type":"Point","coordinates":[1590395.617023395,-1170039.1868173296]},"properties":{"CLASS":1,"LAT":25.7877,"LNG":-80.2241,"NAME":"Miami","ST":"FL","anchor":"end","dx":-10.3359375,"dy":2,"label_text":"Miami","text_ancho":"end"}},
{"type":"Feature","geometry":{"type":"Point","coordinates":[1145944.6092696264,-447365.966689614]},"properties":{"CLASS":4,"LAT":32.8348,"LNG":-83.6517,"NAME":"Macon","ST":"GA","anchor":"start","dx":7.2578125,"dy":4,"label_text":"Macon","text_ancho":"start"}},
{"type":"Feature","geometry":{"type":"Point","coordinates":[1031411.7110624239,-500327.3875245779]},"properties":{"CLASS":3,"LAT":32.4896,"LNG":-84.9404,"NAME":"Columbus","ST":"GA","anchor":"start","dx":-8.5546875,"dy":17,"label_text":"Columbus","text_ancho":"start"}},
{"type":"Feature","geometry":{"type":"Point","coordinates":[1154152.9603146524,-320060.3053777624]},"properties":{"CLASS":4,"LAT":33.9555,"LNG":-83.3832,"NAME":"Athens","ST":"GA","anchor":"middle","dx":3,"dy":-8,"label_text":"Athens","text_ancho":"middle"}},
{"type":"Feature","geometry":{"type":"Point","coordinates":[1064005.1049780524,-353668.6223425523]},"properties":{"CLASS":1,"LAT":33.7595,"LNG":-84.4032,"NAME":"Atlanta","ST":"GA","anchor":"middle","dx":1,"dy":-8,"label_text":"Atlanta","text_ancho":"middle"}},
{"type":"Feature","geometry":{"type":"Point","coordinates":[1286350.613987174,-360324.20196619746]},"properties":{"CLASS":3,"LAT":33.4333,"LNG":-82.022,"NAME":"Augusta","ST":"GA","anchor":"start","dx":-6.2421875,"dy":-8,"label_text":"Augusta","text_ancho":"start"}},
{"type":"Feature","geometry":{"type":"Point","coordinates":[1394259.2288948824,-499855.36060091516]},"properties":{"CLASS":4,"LAT":32.0507,"LNG":-81.1038,"NAME":"Savannah","ST":"GA","anchor":"end","dx":-6.8359375,"dy":3,"label_text":"Savannah","text_ancho":"end"}},
{"type":"Feature","geometry":{"type":"Point","coordinates":[-1135592.9648244015,-1020973.0843246239]},"properties":{"CLASS":2,"LAT":21.3058,"LNG":-157.8234,"NAME":"Honolulu","ST":"HI","anchor":"start","dx":1.734375,"dy":-9,"label_text":"Honolulu","text_ancho":"start"}},
{"type":"Feature","geometry":{"type":"Point","coordinates":[-849932.748046923,-1198502.4103141953]},"properties":{"CLASS":3,"LAT":19.70248164,"LNG":-155.0831457,"NAME":"Hilo","ST":"HI","anchor":"middle","dx":0,"dy":-10,"label_text":"Hilo","text_ancho":"middle"}},
{"type":"Feature","geometry":{"type":"Point","coordinates":[356310.8391487184,510376.6614221658]},"properties":{"CLASS":3,"LAT":41.9831,"LNG":-91.6685,"NAME":"Cedar Rapids","ST":"IA","anchor":"middle","dx":4,"dy":-9,"label_text":"Cedar Rapids","text_ancho":"middle"}},
{"type":"Feature","geometry":{"type":"Point","coordinates":[196848.01943190023,460813.834437574]},"properties":{"CLASS":1,"LAT":41.5909,"LNG":-93.6209,"NAME":"Des Moines","ST":"IA","anchor":"middle","dx":2,"dy":-10,"label_text":"Des Moines","text_ancho":"middle"}},
{"type":"Feature","geometry":{"type":"Point","coordinates":[-32313.781088294927,559892.2857143914]},"properties":{"CLASS":4,"LAT":42.498,"LNG":-96.3957,"NAME":"Sioux City","ST":"IA","anchor":"start","dx":8.421875,"dy":4,"label_text":"Sioux City","text_ancho":"start"}},
{"type":"Feature","geometry":{"type":"Point","coordinates":[447658.74580769055,465722.9144436668]},"properties":{"CLASS":4,"LAT":41.543,"LNG":-90.5907,"NAME":"Davenport","ST":"IA","anchor":"end","dx":-8.0859375,"dy":3,"label_text":"Davenport","text_ancho":"end"}},
{"type":"Feature","geometry":{"type":"Point","coordinates":[-1614221.4342393302,856986.0314677448]},"properties":{"CLASS":1,"LAT":43.6137,"LNG":-116.2377,"NAME":"Boise","ST":"ID","anchor":"start","dx":-4.390625,"dy":-11,"label_text":"Boise","text_ancho":"start"}},
{"type":"Feature","geometry":{"type":"Point","coordinates":[-1284687.3411159238,779432.0079099501]},"properties":{"CLASS":3,"LAT":43.49177266,"LNG":-112.0325091,"NAME":"Idaho Falls","ST":"ID","anchor":"middle","dx":0,"dy":-9,"label_text":"Idaho Falls","text_ancho":"middle"}},
{"type":"Feature","geometry":{"type":"Point","coordinates":[-1329473.2564668544,717313.2647559284]},"properties":{"CLASS":4,"LAT":42.87521816,"LNG":-112.4472636,"NAME":"Pocatello","ST":"ID","anchor":"end","dx":-11.671875,"dy":3,"label_text":"Pocatello","text_ancho":"end"}},
{"type":"Feature","geometry":{"type":"Point","coordinates":[567423.8677804358,554983.2057082986]},"properties":{"CLASS":3,"LAT":42.2698,"LNG":-89.0698,"NAME":"Rockford","ST":"IL","anchor":"end","dx":-10.3671875,"dy":4,"label_text":"Rockford","text_ancho":"end"}},
{"type":"Feature","geometry":{"type":"Point","coordinates":[534974.4800234917,378917.16318208165]},"properties":{"CLASS":4,"LAT":40.7207,"LNG":-89.6094,"NAME":"Peoria","ST":"IL","anchor":"start","dx":9.78125,"dy":4,"label_text":"Peoria","text_ancho":"start"}},
{"type":"Feature","geometry":{"type":"Point","coordinates":[538526.6319377134,273891.17266711337]},"properties":{"CLASS":3,"LAT":39.7833,"LNG":-89.6504,"NAME":"Springfield","ST":"IL","anchor":"middle","dx":-1,"dy":17,"label_text":"Springfield","text_ancho":"middle"}},
{"type":"Feature","geometry":{"type":"Point","coordinates":[685172.9035315965,516324.200660317]},"properties":{"CLASS":1,"LAT":41.8407,"LNG":-87.6794,"NAME":"Chicago","ST":"IL","anchor":"end","dx":-1.4453125,"dy":16,"label_text":"Chicago","text_ancho":"end"}},
{"type":"Feature","geometry":{"type":"Point","coordinates":[715270.1906966912,489796.2875504687]},"properties":{"CLASS":3,"LAT":41.5808,"LNG":-87.3454,"NAME":"Gary","ST":"IN","anchor":"middle","dx":0,"dy":16,"label_text":"Gary","text_ancho":"middle"}},
{"type":"Feature","geometry":{"type":"Point","coordinates":[834651.2962462776,300088.6669303975]},"properties":{"CLASS":1,"LAT":39.7909,"LNG":-86.1477,"NAME":"Indianapolis","ST":"IN","anchor":"middle","dx":1,"dy":-11,"label_text":"Indianapolis","text_ancho":"middle"}},
{"type":"Feature","geometry":{"type":"Point","coordinates":[734182.999537277,86166.06512642582]},"properties":{"CLASS":3,"LAT":37.9772,"LNG":-87.5506,"NAME":"Evansville","ST":"IN","anchor":"end","dx":46.9296875,"dy":-10,"label_text":"Evansville","text_ancho":"end"}},
{"type":"Feature","geometry":{"type":"Point","coordinates":[904350.2770496551,452742.1740429404]},"properties":{"CLASS":3,"LAT":41.0783,"LNG":-85.1265,"NAME":"Fort Wayne","ST":"IN","anchor":"end","dx":9.9609375,"dy":-10,"label_text":"Fort Wayne","text_ancho":"end"}},
{"type":"Feature","geometry":{"type":"Point","coordinates":[-116701.39007750805,21970.403508287854]},"properties":{"CLASS":2,"LAT":37.6888,"LNG":-97.3362,"NAME":"Wichita","ST":"KS","anchor":"middle","dx":3,"dy":-10,"label_text":"Wichita","text_ancho":"middle"}},
{"type":"Feature","geometry":{"type":"Point","coordinates":[26632.73986662738,172546.99215671443]},"properties":{"CLASS":3,"LAT":39.0392,"LNG":-95.6895,"NAME":"Topeka","ST":"KS","anchor":"end","dx":-8.4453125,"dy":2,"label_text":"Topeka","text_ancho":"end"}},
{"type":"Feature","geometry":{"type":"Point","coordinates":[887117.5400603903,129592.54210340162]},"properties":{"CLASS":2,"LAT":38.2289,"LNG":-85.7495,"NAME":"Louisville","ST":"KY","anchor":"end","dx":-0.8828125,"dy":-7,"label_text":"Louisville","text_ancho":"end"}},
{"type":"Feature","geometry":{"type":"Point","coordinates":[997906.2781417919,119821.58478358202]},"properties":{"CLASS":3,"LAT":38.0296,"LNG":-84.4946,"NAME":"Lexington","ST":"KY","anchor":"start","dx":-1.84375,"dy":17,"label_text":"Lexington","text_ancho":"start"}},
{"type":"Feature","geometry":{"type":"Point","coordinates":[208368.51212667348,-560416.4149068497]},"properties":{"CLASS":4,"LAT":32.468,"LNG":-93.7711,"NAME":"Shreveport","ST":"LA","anchor":"start","dx":9.875,"dy":4,"label_text":"Shreveport","text_ancho":"start"}},
{"type":"Feature","geometry":{"type":"Point","coordinates":[381607.9210243244,-805681.6044420301]},"properties":{"CLASS":4,"LAT":30.2139,"LNG":-92.0294,"NAME":"Lafayette","ST":"LA","anchor":"end","dx":-11.515625,"dy":4,"label_text":"Lafayette","text_ancho":"end"}},
{"type":"Feature","geometry":{"type":"Point","coordinates":[465611.5135903782,-774622.2328650191]},"properties":{"CLASS":3,"LAT":30.4581,"LNG":-91.1402,"NAME":"Baton Rouge","ST":"LA","anchor":"middle","dx":3,"dy":-9,"label_text":"Baton Rouge","text_ancho":"middle"}},
{"type":"Feature","geometry":{"type":"Point","coordinates":[572416.0812815041,-822532.9656167913]},"properties":{"CLASS":1,"LAT":29.9728,"LNG":-90.059,"NAME":"New Orleans","ST":"LA","anchor":"middle","dx":-1,"dy":18,"label_text":"New Orleans","text_ancho":"middle"}},
{"type":"Feature","geometry":{"type":"Point","coordinates":[1961499.4879537742,785237.9390710026]},"properties":{"CLASS":3,"LAT":42.2688,"LNG":-71.8038,"NAME":"Worcester","ST":"MA","anchor":"middle","dx":0,"dy":15,"label_text":"Worcester","text_ancho":"middle"}},
{"type":"Feature","geometry":{"type":"Point","coordinates":[2016605.844677106,805912.7183274322]},"properties":{"CLASS":1,"LAT":42.3216,"LNG":-71.0891,"NAME":"Boston","ST":"MA","anchor":"middle","dx":0,"dy":-9,"label_text":"Boston","text_ancho":"middle"}},
{"type":"Feature","geometry":{"type":"Point","coordinates":[1903657.0142154344,751110.3924901835]},"properties":{"CLASS":3,"LAT":42.101389,"LNG":-72.5902,"NAME":"Springfield","ST":"MA","anchor":"end","dx":8.578125,"dy":-8,"label_text":"Springfield","text_ancho":"end"}},
{"type":"Feature","geometry":{"type":"Point","coordinates":[1989628.690950179,835508.8064410884]},"properties":{"CLASS":4,"LAT":42.6394,"LNG":-71.3147,"NAME":"Lowell","ST":"MA","anchor":"end","dx":-5.6328125,"dy":5,"label_text":"Lowell","text_ancho":"end"}},
{"type":"Feature","geometry":{"type":"Point","coordinates":[2041278.8998650783,968242.7773750622]},"properties":{"CLASS":2,"LAT":43.66511816,"LNG":-70.26908157,"NAME":"Portland","ST":"ME","anchor":"middle","dx":0,"dy":-11,"label_text":"Portland","text_ancho":"middle"}},
{"type":"Feature","geometry":{"type":"Point","coordinates":[2119906.2625069045,1123539.6352601165]},"properties":{"CLASS":3,"LAT":44.81087266,"LNG":-68.78300907,"NAME":"Bangor","ST":"ME","anchor":"middle","dx":0,"dy":-9,"label_text":"Bangor","text_ancho":"middle"}},
{"type":"Feature","geometry":{"type":"Point","coordinates":[1644589.9347417234,370939.9081721809]},"properties":{"CLASS":1,"LAT":39.308,"LNG":-76.617,"NAME":"Baltimore","ST":"MD","anchor":"middle","dx":0,"dy":-10,"label_text":"Baltimore","text_ancho":"middle"}},
{"type":"Feature","geometry":{"type":"Point","coordinates":[1575802.9929433488,369099.00316989585]},"properties":{"CLASS":4,"LAT":39.4138,"LNG":-77.4111,"NAME":"Frederick","ST":"MD","anchor":"end","dx":-4.40625,"dy":-7,"label_text":"Frederick","text_ancho":"end"}},
{"type":"Feature","geometry":{"type":"Point","coordinates":[1605084.2452092306,337237.18582265824]},"properties":{"CLASS":4,"LAT":39.0836,"LNG":-77.1483,"NAME":"Rockville","ST":"MD","anchor":"end","dx":-7.6015625,"dy":3,"label_text":"Rockville","text_ancho":"end"}},
{"type":"Feature","geometry":{"type":"Point","coordinates":[837435.4153141812,657129.8319889242]},"properties":{"CLASS":3,"LAT":42.9605,"LNG":-85.6583,"NAME":"Grand Rapids","ST":"MI","anchor":"middle","dx":-1,"dy":-8,"label_text":"Grand Rapids","text_ancho":"middle"}},
{"type":"Feature","geometry":{"type":"Point","coordinates":[1001890.4485320677,599542.547302065]},"properties":{"CLASS":4,"LAT":42.2745,"LNG":-83.7393,"NAME":"Ann Arbor","ST":"MI","anchor":"end","dx":-8.4765625,"dy":3,"label_text":"Ann Arbor","text_ancho":"end"}},
{"type":"Feature","geometry":{"type":"Point","coordinates":[994690.1405978343,683516.1370216734]},"properties":{"CLASS":4,"LAT":43.0276,"LNG":-83.694,"NAME":"Flint","ST":"MI","anchor":"middle","dx":0,"dy":-8,"label_text":"Flint","text_ancho":"middle"}},
{"type":"Feature","geometry":{"type":"Point","coordinates":[1051908.5876485407,618895.6511722389]},"properties":{"CLASS":1,"LAT":42.3871,"LNG":-83.1026,"NAME":"Detroit","ST":"MI","anchor":"middle","dx":0,"dy":-9,"label_text":"Detroit","text_ancho":"middle"}},
{"type":"Feature","geometry":{"type":"Point","coordinates":[660547.8503965186,1040840.5182343975]},"properties":{"CLASS":4,"LAT":46.54863616,"LNG":-87.40241809,"NAME":"Marquette","ST":"_MI","anchor":"end","dx":56.625,"dy":-11,"label_text":"Marquette","text_ancho":"end"}},
{"type":"Feature","geometry":{"type":"Point","coordinates":[819242.6372670187,857033.234160111]},"properties":{"CLASS":4,"LAT":44.76008166,"LNG":-85.61231809,"NAME":"Traverse City","ST":"_MI","anchor":"end","dx":-11.3515625,"dy":2,"label_text":"Traverse City","text_ancho":"end"}},
{"type":"Feature","geometry":{"type":"Point","coordinates":[281667.64689716743,735627.9093940444]},"properties":{"CLASS":3,"LAT":44.0258,"LNG":-92.4732,"NAME":"Rochester","ST":"MN","anchor":"end","dx":-9.984375,"dy":4,"label_text":"Rochester","text_ancho":"end"}},
{"type":"Feature","geometry":{"type":"Point","coordinates":[297604.3284582705,1042681.4232366823]},"properties":{"CLASS":3,"LAT":46.7804,"LNG":-92.1171,"NAME":"Duluth","ST":"MN","anchor":"end","dx":7.3046875,"dy":-8,"label_text":"Duluth","text_ancho":"end"}},
{"type":"Feature","geometry":{"type":"Point","coordinates":[215184.80363774765,838057.7518288677]},"properties":{"CLASS":1,"LAT":44.9645,"LNG":-93.2682,"NAME":"Minneapolis","ST":"MN","anchor":"end","dx":-10.578125,"dy":3,"label_text":"Minneapolis","text_ancho":"end"}},
{"type":"Feature","geometry":{"type":"Point","coordinates":[123836.8969787755,177597.6802399063]},"properties":{"CLASS":3,"LAT":39.0763,"LNG":-94.5554,"NAME":"Kansas City","ST":"MO","anchor":"middle","dx":4,"dy":-10,"label_text":"Kansas City","text_ancho":"middle"}},
{"type":"Feature","geometry":{"type":"Point","coordinates":[238609.80545045296,-30755.003864844795]},"properties":{"CLASS":4,"LAT":37.1951,"LNG":-93.2862,"NAME":"Springfield","ST":"MO","anchor":"middle","dx":-1,"dy":-10,"label_text":"Springfield","text_ancho":"middle"}},
{"type":"Feature","geometry":{"type":"Point","coordinates":[496188.8212844222,141440.41788733727]},"properties":{"CLASS":2,"LAT":38.6277,"LNG":-90.2428,"NAME":"St. Louis","ST":"MO","anchor":"middle","dx":1,"dy":-9,"label_text":"St. Louis","text_ancho":"middle"}},
{"type":"Feature","geometry":{"type":"Point","coordinates":[314693.0592888505,168393.1552284821]},"properties":{"CLASS":4,"LAT":38.94835466,"LNG":-92.33378159,"NAME":"Columbia","ST":"MO","anchor":"middle","dx":2,"dy":-9,"label_text":"Columbia","text_ancho":"middle"}},
{"type":"Feature","geometry":{"type":"Point","coordinates":[542510.8023279891,-562729.3468327974]},"properties":{"CLASS":2,"LAT":32.3204,"LNG":-90.2044,"NAME":"Jackson","ST":"MS","anchor":"middle","dx":0,"dy":-10,"label_text":"Jackson","text_ancho":"middle"}},
{"type":"Feature","geometry":{"type":"Point","coordinates":[634098.7192514353,-668840.9992721903]},"properties":{"CLASS":4,"LAT":31.31597265,"LNG":-89.30865459,"NAME":"Hattiesburg","ST":"MS","anchor":"middle","dx":2,"dy":-9,"label_text":"Hattiesburg","text_ancho":"middle"}},
{"type":"Feature","geometry":{"type":"Point","coordinates":[664100.0023107403,-337383.69347618637]},"properties":{"CLASS":3,"LAT":34.25958165,"LNG":-88.72588159,"NAME":"Tupelo","ST":"MS","anchor":"middle","dx":2,"dy":-9,"label_text":"Tupelo","text_ancho":"middle"}},
{"type":"Feature","geometry":{"type":"Point","coordinates":[677588.5791742038,-766456.167085653]},"properties":{"CLASS":3,"LAT":30.41202715,"LNG":-88.92782709,"NAME":"Biloxi","ST":"MS","anchor":"middle","dx":2,"dy":-8,"label_text":"Biloxi","text_ancho":"middle"}},
{"type":"Feature","geometry":{"type":"Point","coordinates":[-1370851.0260622478,1175981.8264790515]},"properties":{"CLASS":3,"LAT":46.86263616,"LNG":-114.0115911,"NAME":"Missoula","ST":"MT","anchor":"middle","dx":0,"dy":-9,"label_text":"Missoula","text_ancho":"middle"}},
{"type":"Feature","geometry":{"type":"Point","coordinates":[-1154025.7531360385,1209590.1434438413]},"properties":{"CLASS":4,"LAT":47.50365466,"LNG":-111.2863001,"NAME":"Great Falls","ST":"MT","anchor":"middle","dx":2,"dy":-8,"label_text":"Great Falls","text_ancho":"middle"}},
{"type":"Feature","geometry":{"type":"Point","coordinates":[-972866.0055107311,990664.0562490441]},"properties":{"CLASS":3,"LAT":45.7866,"LNG":-108.5371,"NAME":"Billings","ST":"MT","anchor":"middle","dx":1,"dy":-9,"label_text":"Billings","text_ancho":"middle"}},
{"type":"Feature","geometry":{"type":"Point","coordinates":[-1226316.84479574,1119810.6225631807]},"properties":{"CLASS":4,"LAT":46.59580916,"LNG":-112.0270271,"NAME":"Helena","ST":"MT","anchor":"middle","dx":0,"dy":18,"label_text":"Helena","text_ancho":"middle"}},
{"type":"Feature","geometry":{"type":"Point","coordinates":[1363729.9232537337,-147723.27554848162]},"properties":{"CLASS":1,"LAT":35.2072,"LNG":-80.8292,"NAME":"Charlotte","ST":"NC","anchor":"middle","dx":1,"dy":-9,"label_text":"Charlotte","text_ancho":"middle"}},
{"type":"Feature","geometry":{"type":"Point","coordinates":[1545609.7016724641,-46803.91926937923]},"properties":{"CLASS":3,"LAT":35.8188,"LNG":-78.6446,"NAME":"Raleigh","ST":"NC","anchor":"start","dx":10.3125,"dy":4,"label_text":"Raleigh","text_ancho":"start"}},
{"type":"Feature","geometry":{"type":"Point","coordinates":[1536585.3157282253,-134034.49476226093]},"properties":{"CLASS":4,"LAT":35.0667,"LNG":-78.9176,"NAME":"Fayetteville","ST":"NC","anchor":"start","dx":-3.71875,"dy":19,"label_text":"Fayetteville","text_ancho":"start"}},
{"type":"Feature","geometry":{"type":"Point","coordinates":[1437077.0600771224,-36466.52964116447]},"properties":{"CLASS":4,"LAT":36.0799,"LNG":-79.8194,"NAME":"Greensboro","ST":"NC","anchor":"middle","dx":-1,"dy":-8,"label_text":"Greensboro","text_ancho":"middle"}},
{"type":"Feature","geometry":{"type":"Point","coordinates":[-61931.04772444116,1046929.6655496473]},"properties":{"CLASS":2,"LAT":46.8714,"LNG":-96.8087,"NAME":"Fargo","ST":"ND","anchor":"end","dx":-10.3671875,"dy":5,"label_text":"Fargo","text_ancho":"end"}},
{"type":"Feature","geometry":{"type":"Point","coordinates":[-366024.05281355674,1049431.4082450604]},"properties":{"CLASS":3,"LAT":46.81334566,"LNG":-100.7790001,"NAME":"Bismarck","ST":"ND","anchor":"middle","dx":0,"dy":-8,"label_text":"Bismarck","text_ancho":"middle"}},
{"type":"Feature","geometry":{"type":"Point","coordinates":[-79499.79908397002,1162151.437615732]},"properties":{"CLASS":3,"LAT":47.91232716,"LNG":-97.0548636,"NAME":"Grand Forks","ST":"ND","anchor":"end","dx":-11.625,"dy":5,"label_text":"Grand Forks","text_ancho":"end"}},
{"type":"Feature","geometry":{"type":"Point","coordinates":[-56506.81574731879,371128.71894164593]},"properties":{"CLASS":3,"LAT":40.8099,"LNG":-96.6753,"NAME":"Lincoln","ST":"NE","anchor":"end","dx":-9.21875,"dy":5,"label_text":"Lincoln","text_ancho":"end"}},
{"type":"Feature","geometry":{"type":"Point","coordinates":[-1064.4446537229232,421352.3836193655]},"properties":{"CLASS":1,"LAT":41.2605,"LNG":-96.013,"NAME":"Omaha","ST":"NE","anchor":"end","dx":-6.171875,"dy":-7,"label_text":"Omaha","text_ancho":"end"}},
{"type":"Feature","geometry":{"type":"Point","coordinates":[1968939.806152482,870108.3799455704]},"properties":{"CLASS":2,"LAT":42.9863,"LNG":-71.4516,"NAME":"Manchester","ST":"NH","anchor":"end","dx":-11.2890625,"dy":4,"label_text":"Manchester","text_ancho":"end"}},
{"type":"Feature","geometry":{"type":"Point","coordinates":[1997261.017360466,914148.4919233078]},"properties":{"CLASS":-1,"LAT":43.302,"LNG":-70.9731,"NAME":"Rochester","ST":"_NH","anchor":"end","dx":-2.984375,"dy":-7,"label_text":"Rochester","text_ancho":"end"}},
{"type":"Feature","geometry":{"type":"Point","coordinates":[2008061.479261816,904660.7507576856]},"properties":{"CLASS":4,"LAT":43.1947,"LNG":-70.875,"NAME":"Dover","ST":"NH","anchor":"end","dx":8.2578125,"dy":17,"label_text":"Dover","text_ancho":"end"}},
{"type":"Feature","geometry":{"type":"Point","coordinates":[1973355.9950188114,844099.6964517513]},"properties":{"CLASS":4,"LAT":42.751,"LNG":-71.4808,"NAME":"Nashua","ST":"NH","anchor":"end","dx":-8.1171875,"dy":2,"label_text":"Nashua","text_ancho":"end"}},
{"type":"Feature","geometry":{"type":"Point","coordinates":[1954683.1964427005,893332.1045897792]},"properties":{"CLASS":4,"LAT":43.22,"LNG":-71.5491,"NAME":"Concord","ST":"NH","anchor":"end","dx":-8.90625,"dy":4,"label_text":"Concord","text_ancho":"end"}},
{"type":"Feature","geometry":{"type":"Point","coordinates":[1777267.6089431937,504523.5275687473]},"properties":{"CLASS":3,"LAT":40.2217,"LNG":-74.7561,"NAME":"Trenton","ST":"NJ","anchor":"middle","dx":-2,"dy":-8,"label_text":"Trenton","text_ancho":"middle"}},
{"type":"Feature","geometry":{"type":"Point","coordinates":[1811157.058286985,571362.5399593969]},"properties":{"CLASS":1,"LAT":40.7352,"LNG":-74.1849,"NAME":"Newark","ST":"NJ","anchor":"end","dx":-8.96875,"dy":4,"label_text":"Newark","text_ancho":"end"}},
{"type":"Feature","geometry":{"type":"Point","coordinates":[1824933.6474678176,416962.5332293017]},"properties":{"CLASS":4,"LAT":39.36496366,"LNG":-74.43903658,"NAME":"Atlantic City","ST":"NJ","anchor":"middle","dx":0,"dy":-8,"label_text":"Atlantic City","text_ancho":"middle"}},
{"type":"Feature","geometry":{"type":"Point","coordinates":[-957025.3280554181,-214137.46370783472]},"properties":{"CLASS":1,"LAT":35.1107,"LNG":-106.61,"NAME":"Albuquerque","ST":"NM","anchor":"middle","dx":2,"dy":17,"label_text":"Albuquerque","text_ancho":"middle"}},
{"type":"Feature","geometry":{"type":"Point","coordinates":[-892510.5689646886,-158485.48940799292]},"properties":{"CLASS":3,"LAT":35.66722715,"LNG":-105.9645726,"NAME":"Santa Fe","ST":"NM","anchor":"middle","dx":0,"dy":-11,"label_text":"Santa Fe","text_ancho":"middle"}},
{"type":"Feature","geometry":{"type":"Point","coordinates":[-1006179.4302197834,-522323.8421672635]},"properties":{"CLASS":3,"LAT":32.31969115,"LNG":-106.7651546,"NAME":"Las Cruces","ST":"NM","anchor":"middle","dx":2,"dy":-10,"label_text":"Las Cruces","text_ancho":"middle"}},
{"type":"Feature","geometry":{"type":"Point","coordinates":[-2007982.2741360967,480214.14100011415]},"properties":{"CLASS":3,"LAT":39.5271,"LNG":-119.8218,"NAME":"Reno","ST":"NV","anchor":"start","dx":9.6171875,"dy":5,"label_text":"Reno","text_ancho":"start"}},
{"type":"Feature","geometry":{"type":"Point","coordinates":[-1701249.1561377621,26360.253898351686]},"properties":{"CLASS":1,"LAT":36.1942,"LNG":-115.2221,"NAME":"Las Vegas","ST":"NV","anchor":"middle","dx":-1,"dy":-11,"label_text":"Las Vegas","text_ancho":"middle"}},
{"type":"Feature","geometry":{"type":"Point","coordinates":[1385138.8388448535,730577.2213108526]},"properties":{"CLASS":3,"LAT":42.9047,"LNG":-78.8494,"NAME":"Buffalo","ST":"NY","anchor":"middle","dx":3,"dy":18,"label_text":"Buffalo","text_ancho":"middle"}},
{"type":"Feature","geometry":{"type":"Point","coordinates":[1478262.8214609362,777874.319061863]},"properties":{"CLASS":3,"LAT":43.1655,"LNG":-77.6115,"NAME":"Rochester","ST":"NY","anchor":"middle","dx":0,"dy":-10,"label_text":"Rochester","text_ancho":"middle"}},
{"type":"Feature","geometry":{"type":"Point","coordinates":[1597307.9126402587,788636.5329213745]},"properties":{"CLASS":4,"LAT":43.0469,"LNG":-76.1444,"NAME":"Syracuse","ST":"NY","anchor":"start","dx":-10.9140625,"dy":-11,"label_text":"Syracuse","text_ancho":"start"}},
{"type":"Feature","geometry":{"type":"Point","coordinates":[1794164.3315621945,788589.3302290083]},"properties":{"CLASS":4,"LAT":42.6598,"LNG":-73.7813,"NAME":"Albany","ST":"NY","anchor":"middle","dx":2,"dy":-9,"label_text":"Albany","text_ancho":"middle"}},
{"type":"Feature","geometry":{"type":"Point","coordinates":[1833718.0231475825,573061.8368845831]},"properties":{"CLASS":1,"LAT":40.7042,"LNG":-73.9179,"NAME":"New York City","ST":"NY","anchor":"middle","dx":9,"dy":-9,"label_text":"New York City","text_ancho":"middle"}},
{"type":"Feature","geometry":{"type":"Point","coordinates":[982209.6068451633,242879.00378246862]},"properties":{"CLASS":3,"LAT":39.1362,"LNG":-84.5031,"NAME":"Cincinnati","ST":"OH","anchor":"start","dx":11.4453125,"dy":4,"label_text":"Cincinnati","text_ancho":"start"}},
{"type":"Feature","geometry":{"type":"Point","coordinates":[999538.3479402182,315759.96079600183]},"properties":{"CLASS":4,"LAT":39.7627,"LNG":-84.1967,"NAME":"Dayton","ST":"OH","anchor":"middle","dx":-1,"dy":-10,"label_text":"Dayton","text_ancho":"middle"}},
{"type":"Feature","geometry":{"type":"Point","coordinates":[1024115.3990224008,533741.9941434735]},"properties":{"CLASS":4,"LAT":41.6657,"LNG":-83.5753,"NAME":"Toledo","ST":"OH","anchor":"middle","dx":1,"dy":19,"label_text":"Toledo","text_ancho":"middle"}},
{"type":"Feature","geometry":{"type":"Point","coordinates":[1097558.5399515792,354277.3577668846]},"properties":{"CLASS":1,"LAT":39.9898,"LNG":-82.9915,"NAME":"Columbus","ST":"OH","anchor":"middle","dx":1,"dy":-11,"label_text":"Columbus","text_ancho":"middle"}},
{"type":"Feature","geometry":{"type":"Point","coordinates":[1183146.200263165,535582.8991457582]},"properties":{"CLASS":1,"LAT":41.4823,"LNG":-81.6697,"NAME":"Cleveland","ST":"OH","anchor":"middle","dx":1,"dy":-11,"label_text":"Cleveland","text_ancho":"middle"}},
{"type":"Feature","geometry":{"type":"Point","coordinates":[1202539.0296326997,492203.6248611489]},"properties":{"CLASS":4,"LAT":41.0732,"LNG":-81.5179,"NAME":"Akron","ST":"OH","anchor":"middle","dx":0,"dy":18,"label_text":"Akron","text_ancho":"middle"}},
{"type":"Feature","geometry":{"type":"Point","coordinates":[-219953.80585441226,-320862.75114798907]},"properties":{"CLASS":3,"LAT":34.6094,"LNG":-98.4178,"NAME":"Lawton","ST":"_OK","anchor":"middle","dx":0,"dy":-9,"label_text":"Lawton","text_ancho":"middle"}},
{"type":"Feature","geometry":{"type":"Point","coordinates":[-138062.30361573352,-224899.67756734602]},"properties":{"CLASS":1,"LAT":35.4823,"LNG":-97.535,"NAME":"Oklahoma City","ST":"OK","anchor":"start","dx":7.6953125,"dy":4,"label_text":"Oklahoma City","text_ancho":"start"}},
{"type":"Feature","geometry":{"type":"Point","coordinates":[5607.840698666405,-153340.39594006864]},"properties":{"CLASS":3,"LAT":36.1313,"LNG":-95.9373,"NAME":"Tulsa","ST":"OK","anchor":"middle","dx":1,"dy":-7,"label_text":"Tulsa","text_ancho":"middle"}},
{"type":"Feature","geometry":{"type":"Point","coordinates":[-2170181.210867923,850000.0329975358]},"properties":{"CLASS":4,"LAT":42.33200016,"LNG":-122.8618726,"NAME":"Medford","ST":"OR","anchor":"start","dx":9.1484375,"dy":4,"label_text":"Medford","text_ancho":"start"}},
{"type":"Feature","geometry":{"type":"Point","coordinates":[-2135475.726624919,1040651.7074649327]},"properties":{"CLASS":3,"LAT":44.0577,"LNG":-123.1103,"NAME":"Eugene","ST":"OR","anchor":"middle","dx":-1,"dy":-9,"label_text":"Eugene","text_ancho":"middle"}},
{"type":"Feature","geometry":{"type":"Point","coordinates":[-1997037.8060760621,1001331.8647238228]},"properties":{"CLASS":4,"LAT":44.05643616,"LNG":-121.3080816,"NAME":"Bend","ST":"OR","anchor":"start","dx":8.6015625,"dy":4,"label_text":"Bend","text_ancho":"start"}},
{"type":"Feature","geometry":{"type":"Point","coordinates":[-2101922.2916513924,1132224.9306555118]},"properties":{"CLASS":3,"LAT":44.9311,"LNG":-123.0292,"NAME":"Salem","ST":"OR","anchor":"start","dx":7.6796875,"dy":5,"label_text":"Salem","text_ancho":"start"}},
{"type":"Feature","geometry":{"type":"Point","coordinates":[-2054256.2531267689,1186932.8511080279]},"properties":{"CLASS":1,"LAT":45.523,"LNG":-122.6402,"NAME":"Portland","ST":"OR","anchor":"start","dx":9.8203125,"dy":5,"label_text":"Portland","text_ancho":"start"}},
{"type":"Feature","geometry":{"type":"Point","coordinates":[1301711.270913538,626259.2711813783]},"properties":{"CLASS":4,"LAT":42.1145,"LNG":-80.0762,"NAME":"Erie","ST":"PA","anchor":"middle","dx":1,"dy":17,"label_text":"Erie","text_ancho":"middle"}},
{"type":"Feature","geometry":{"type":"Point","coordinates":[1341168.958393136,442971.216723121]},"properties":{"CLASS":3,"LAT":40.4414,"LNG":-79.9773,"NAME":"Pittsburgh","ST":"PA","anchor":"start","dx":-6.3359375,"dy":-9,"label_text":"Pittsburgh","text_ancho":"start"}},
{"type":"Feature","geometry":{"type":"Point","coordinates":[1708768.6794621889,532845.1429885142]},"properties":{"CLASS":4,"LAT":40.6017,"LNG":-75.4773,"NAME":"Allentown","ST":"PA","anchor":"end","dx":5.8828125,"dy":-8,"label_text":"Allentown","text_ancho":"end"}},
{"type":"Feature","geometry":{"type":"Point","coordinates":[1750722.4736923208,472850.52099097497]},"properties":{"CLASS":1,"LAT":39.998,"LNG":-75.1448,"NAME":"Philadelphia","ST":"PA","anchor":"end","dx":-10.203125,"dy":3,"label_text":"Philadelphia","text_ancho":"end"}},
{"type":"Feature","geometry":{"type":"Point","coordinates":[2008013.4772089203,733598.1936222943]},"properties":{"CLASS":4,"LAT":41.7166,"LNG":-71.41666,"NAME":"Warwick","ST":"RI","anchor":"end","dx":-6.828125,"dy":3,"label_text":"Warwick","text_ancho":"end"}},
{"type":"Feature","geometry":{"type":"Point","coordinates":[2004509.3273475938,745068.4478672999]},"properties":{"CLASS":2,"LAT":41.8236,"LNG":-71.4221,"NAME":"Providence","ST":"RI","anchor":"middle","dx":1,"dy":-12,"label_text":"Providence","text_ancho":"middle"}},
{"type":"Feature","geometry":{"type":"Point","coordinates":[1368434.1244374327,-281778.921868711]},"properties":{"CLASS":3,"LAT":34.0171,"LNG":-81.0108,"NAME":"Columbia","ST":"SC","anchor":"middle","dx":1,"dy":-7,"label_text":"Columbia","text_ancho":"middle"}},
{"type":"Feature","geometry":{"type":"Point","coordinates":[1484071.0698612179,-401673.760479057]},"properties":{"CLASS":2,"LAT":32.7893,"LNG":-79.9863,"NAME":"Charleston","ST":"SC","anchor":"middle","dx":0.234375,"dy":-10,"label_text":"Charleston","text_ancho":"middle"}},
{"type":"Feature","geometry":{"type":"Point","coordinates":[1230620.2305762088,-209086.77562464285]},"properties":{"CLASS":4,"LAT":34.84430915,"LNG":-82.38542708,"NAME":"Greenville","ST":"SC","anchor":"middle","dx":3,"dy":-10,"label_text":"Greenville","text_ancho":"middle"}},
{"type":"Feature","geometry":{"type":"Point","coordinates":[1350865.3730779034,-180245.93058884703]},"properties":{"CLASS":4,"LAT":34.93809115,"LNG":-81.02608158,"NAME":"Rock Hill","ST":"SC","anchor":"start","dx":9.578125,"dy":6,"label_text":"Rock Hill","text_ancho":"start"}},
{"type":"Feature","geometry":{"type":"Point","coordinates":[-58858.916339168325,676010.9089354353]},"properties":{"CLASS":2,"LAT":43.5363,"LNG":-96.7318,"NAME":"Sioux Falls","ST":"SD","anchor":"end","dx":-10.296875,"dy":3,"label_text":"Sioux Falls","text_ancho":"end"}},
{"type":"Feature","geometry":{"type":"Point","coordinates":[-576465.0527047459,757954.7828832937]},"properties":{"CLASS":3,"LAT":44.07619066,"LNG":-103.2283001,"NAME":"Rapid City","ST":"SD","anchor":"middle","dx":0,"dy":-8,"label_text":"Rapid City","text_ancho":"middle"}},
{"type":"Feature","geometry":{"type":"Point","coordinates":[-194032.69729117304,893048.8884355815]},"properties":{"CLASS":4,"LAT":45.46370916,"LNG":-98.4812911,"NAME":"Aberdeen","ST":"SD","anchor":"end","dx":-8.6015625,"dy":3,"label_text":"Aberdeen","text_ancho":"end"}},
{"type":"Feature","geometry":{"type":"Point","coordinates":[-88332.17681662925,828711.6187403447]},"properties":{"CLASS":4,"LAT":44.90343616,"LNG":-97.1204366,"NAME":"Watertown","ST":"SD","anchor":"end","dx":-9.21875,"dy":3,"label_text":"Watertown","text_ancho":"end"}},
{"type":"Feature","geometry":{"type":"Point","coordinates":[544526.8885495742,-249586.68567490927]},"properties":{"CLASS":1,"LAT":35.1174,"LNG":-89.9711,"NAME":"Memphis","ST":"TN","anchor":"start","dx":5.6484375,"dy":-7,"label_text":"Memphis","text_ancho":"start"}},
{"type":"Feature","geometry":{"type":"Point","coordinates":[822314.7686522915,-110716.3647333195]},"properties":{"CLASS":3,"LAT":36.1548,"LNG":-86.7621,"NAME":"Nashville","ST":"TN","anchor":"middle","dx":0,"dy":-8,"label_text":"Nashville","text_ancho":"middle"}},
{"type":"Feature","geometry":{"type":"Point","coordinates":[968865.0361403846,-220132.20563835185]},"properties":{"CLASS":4,"LAT":35.0455,"LNG":-85.2673,"NAME":"Chattanooga","ST":"TN","anchor":"end","dx":18.125,"dy":-8,"label_text":"Chattanooga","text_ancho":"end"}},
{"type":"Feature","geometry":{"type":"Point","coordinates":[1074709.5627736128,-102833.51510815113]},"properties":{"CLASS":4,"LAT":35.9729,"LNG":-83.9422,"NAME":"Knoxville","ST":"TN","anchor":"middle","dx":1,"dy":-9,"label_text":"Knoxville","text_ancho":"middle"}},
{"type":"Feature","geometry":{"type":"Point","coordinates":[-980834.3462912827,-584536.9907060178]},"properties":{"CLASS":4,"LAT":31.7902,"LNG":-106.4232,"NAME":"El Paso","ST":"TX","anchor":"start","dx":3.78125,"dy":-8,"label_text":"El Paso","text_ancho":"start"}},
{"type":"Feature","geometry":{"type":"Point","coordinates":[-124285.71443490079,-531764.3806405191]},"properties":{"CLASS":3,"LAT":32.7389,"LNG":-97.3338,"NAME":"Fort Worth","ST":"TX","anchor":"end","dx":-7.625,"dy":4,"label_text":"Fort Worth","text_ancho":"end"}},
{"type":"Feature","geometry":{"type":"Point","coordinates":[-73307.53426052956,-525580.8279405367]},"properties":{"CLASS":3,"LAT":32.7995,"LNG":-96.7872,"NAME":"Dallas","ST":"TX","anchor":"start","dx":8.5546875,"dy":4,"label_text":"Dallas","text_ancho":"start"}},
{"type":"Feature","geometry":{"type":"Point","coordinates":[-243762.82409027684,-895036.3010913943]},"properties":{"CLASS":3,"LAT":29.4515,"LNG":-98.5127,"NAME":"San Antonio","ST":"TX","anchor":"end","dx":-8.3359375,"dy":3,"label_text":"San Antonio","text_ancho":"end"}},
{"type":"Feature","geometry":{"type":"Point","coordinates":[-167775.57435766933,-802519.0240534894]},"properties":{"CLASS":4,"LAT":30.3005,"LNG":-97.7472,"NAME":"Austin","ST":"TX","anchor":"middle","dx":-1,"dy":-8,"label_text":"Austin","text_ancho":"middle"}},
{"type":"Feature","geometry":{"type":"Point","coordinates":[-138782.3344091568,-1086160.0024824538]},"properties":{"CLASS":4,"LAT":27.7429,"LNG":-97.4019,"NAME":"Corpus Christi","ST":"TX","anchor":"middle","dx":-1,"dy":-9,"label_text":"Corpus Christi","text_ancho":"middle"}},
{"type":"Feature","geometry":{"type":"Point","coordinates":[59610.15020541567,-863504.9025907206]},"properties":{"CLASS":1,"LAT":29.7629,"LNG":-95.3832,"NAME":"Houston","ST":"TX","anchor":"middle","dx":0,"dy":-9,"label_text":"Houston","text_ancho":"middle"}},
{"type":"Feature","geometry":{"type":"Point","coordinates":[-1324529.0450186809,475729.8852253179]},"properties":{"CLASS":1,"LAT":40.7547,"LNG":-111.8926,"NAME":"Salt Lake City","ST":"UT","anchor":"middle","dx":0,"dy":-10,"label_text":"Salt Lake City","text_ancho":"middle"}},
{"type":"Feature","geometry":{"type":"Point","coordinates":[-1314784.6282810187,416160.08745907503]},"properties":{"CLASS":3,"LAT":40.2444,"LNG":-111.6608,"NAME":"Provo","ST":"UT","anchor":"end","dx":41.7890625,"dy":4,"label_text":"Provo","text_ancho":"end"}},
{"type":"Feature","geometry":{"type":"Point","coordinates":[1619772.8733950662,308301.93540213]},"properties":{"CLASS":4,"LAT":38.804722,"LNG":-77.047222,"NAME":"Alexandria","ST":"VA","anchor":"end","dx":-1.2421875,"dy":14,"label_text":"Alexandria","text_ancho":"end"}},
{"type":"Feature","geometry":{"type":"Point","coordinates":[1402563.584045698,93671.29321266408]},"properties":{"CLASS":3,"LAT":37.2769,"LNG":-79.9557,"NAME":"Roanoke","ST":"VA","anchor":"middle","dx":0,"dy":-9,"label_text":"Roanoke","text_ancho":"middle"}},
{"type":"Feature","geometry":{"type":"Point","coordinates":[1612332.5551963588,162067.99445140082]},"properties":{"CLASS":2,"LAT":37.5383,"LNG":-77.4615,"NAME":"Richmond","ST":"VA","anchor":"middle","dx":1,"dy":-8,"label_text":"Richmond","text_ancho":"middle"}},
{"type":"Feature","geometry":{"type":"Point","coordinates":[1746546.2950904653,109059.37092407071]},"properties":{"CLASS":4,"LAT":36.8345,"LNG":-76.0872,"NAME":"Virginia Beach","ST":"VA","anchor":"end","dx":17.7265625,"dy":15,"label_text":"Virginia Beach","text_ancho":"end"}},
{"type":"Feature","geometry":{"type":"Point","coordinates":[1730465.6073706779,111513.9109271171]},"properties":{"CLASS":4,"LAT":36.8857,"LNG":-76.2599,"NAME":"Norfolk","ST":"VA","anchor":"middle","dx":1,"dy":-7,"label_text":"Norfolk","text_ancho":"middle"}},
{"type":"Feature","geometry":{"type":"Point","coordinates":[-1605485.0606124606,1316929.0658847576]},"properties":{"CLASS":3,"LAT":47.6733,"LNG":-117.4103,"NAME":"Spokane","ST":"WA","anchor":"end","dx":-10.0078125,"dy":5,"label_text":"Spokane","text_ancho":"end"}},
{"type":"Feature","geometry":{"type":"Point","coordinates":[1790036.155013234,997083.6224108578]},"properties":{"CLASS":2,"LAT":44.48474566,"LNG":-73.22315458,"NAME":"Burlington","ST":"VT","anchor":"start","dx":-5.6640625,"dy":-12,"label_text":"Burlington","text_ancho":"start"}},
{"type":"Feature","geometry":{"type":"Point","coordinates":[1846966.5897465716,984291.6927795967]},"properties":{"CLASS":4,"LAT":44.25,"LNG":-72.566667,"NAME":"Montpelier","ST":"VT","anchor":"start","dx":-6.6875,"dy":-9,"label_text":"Montpelier","text_ancho":"start"}},
{"type":"Feature","geometry":{"type":"Point","coordinates":[1832661.9779838943,906879.277298901]},"properties":{"CLASS":4,"LAT":43.60766366,"LNG":-72.97407258,"NAME":"Rutland","ST":"VT","anchor":"middle","dx":0,"dy":-8,"label_text":"Rutland","text_ancho":"middle"}},
{"type":"Feature","geometry":{"type":"Point","coordinates":[-1967468.5414928112,1404490.0602242032]},"properties":{"CLASS":1,"LAT":47.6264,"LNG":-122.3331,"NAME":"Seattle","ST":"WA","anchor":"start","dx":9.5859375,"dy":4,"label_text":"Seattle","text_ancho":"start"}},
{"type":"Feature","geometry":{"type":"Point","coordinates":[-2048063.9883033282,1197931.078429371]},"properties":{"CLASS":3,"LAT":45.6337,"LNG":-122.603,"NAME":"Vancouver","ST":"WA","anchor":"middle","dx":0,"dy":-8,"label_text":"Vancouver","text_ancho":"middle"}},
{"type":"Feature","geometry":{"type":"Point","coordinates":[-1864888.1544564355,1258256.1192734737]},"properties":{"CLASS":3,"LAT":46.59672716,"LNG":-120.5296546,"NAME":"Yakima","ST":"WA","anchor":"middle","dx":0,"dy":-8,"label_text":"Yakima","text_ancho":"middle"}},
{"type":"Feature","geometry":{"type":"Point","coordinates":[-1943707.5253098416,1526509.0199910316]},"properties":{"CLASS":4,"LAT":48.75018167,"LNG":-122.4749731,"NAME":"Bellingham","ST":"WA","anchor":"start","dx":10.15625,"dy":4,"label_text":"Bellingham","text_ancho":"start"}},
{"type":"Feature","geometry":{"type":"Point","coordinates":[-2026223.054236154,1354219.192854117]},"properties":{"CLASS":4,"LAT":47.04241816,"LNG":-122.8930726,"NAME":"Olympia","ST":"WA","anchor":"middle","dx":1,"dy":17,"label_text":"Olympia","text_ancho":"middle"}},
{"type":"Feature","geometry":{"type":"Point","coordinates":[534590.4636003324,642827.4162019419]},"properties":{"CLASS":3,"LAT":43.0746,"LNG":-89.3948,"NAME":"Madison","ST":"WI","anchor":"end","dx":-9.9296875,"dy":2,"label_text":"Madison","text_ancho":"end"}},
{"type":"Feature","geometry":{"type":"Point","coordinates":[664436.0166810048,597748.8449921464]},"properties":{"CLASS":4,"LAT":42.5822,"LNG":-87.8456,"NAME":"Kenosha","ST":"WI","anchor":"end","dx":-9.0234375,"dy":4,"label_text":"Kenosha","text_ancho":"end"}},
{"type":"Feature","geometry":{"type":"Point","coordinates":[651043.4439233309,649294.185056122]},"properties":{"CLASS":1,"LAT":43.0522,"LNG":-87.9559,"NAME":"Milwaukee","ST":"WI","anchor":"middle","dx":1,"dy":-11,"label_text":"Milwaukee","text_ancho":"middle"}},
{"type":"Feature","geometry":{"type":"Point","coordinates":[594449.0235602581,753612.1351855963]},"properties":{"CLASS":4,"LAT":44.02498166,"LNG":-88.55133659,"NAME":"Oshkosh","ST":"WI","anchor":"end","dx":-9.2734375,"dy":3,"label_text":"Oshkosh","text_ancho":"end"}},
{"type":"Feature","geometry":{"type":"Point","coordinates":[355782.81656687474,826729.1056609608]},"properties":{"CLASS":4,"LAT":44.81462716,"LNG":-91.49267259,"NAME":"Eau Claire","ST":"WI","anchor":"middle","dx":3,"dy":-9,"label_text":"Eau Claire","text_ancho":"middle"}},
{"type":"Feature","geometry":{"type":"Point","coordinates":[632514.6515059043,811341.0279495541]},"properties":{"CLASS":3,"LAT":44.5134,"LNG":-88.0158,"NAME":"Green Bay","ST":"WI","anchor":"middle","dx":2,"dy":-10,"label_text":"Green Bay","text_ancho":"middle"}},
{"type":"Feature","geometry":{"type":"Point","coordinates":[1238972.5877799196,189020.7317925454]},"properties":{"CLASS":2,"LAT":38.34950016,"LNG":-81.63329108,"NAME":"Charleston","ST":"WV","anchor":"middle","dx":2,"dy":19,"label_text":"Charleston","text_ancho":"middle"}},
{"type":"Feature","geometry":{"type":"Point","coordinates":[1169417.6131352265,185952.55678873742]},"properties":{"CLASS":3,"LAT":38.41303616,"LNG":-82.43364558,"NAME":"Huntington","ST":"WV","anchor":"start","dx":-6.765625,"dy":-10,"label_text":"Huntington","text_ancho":"start"}},
{"type":"Feature","geometry":{"type":"Point","coordinates":[1287982.6837856001,391992.30896754074]},"properties":{"CLASS":4,"LAT":40.0703,"LNG":-80.6986,"NAME":"Wheeling","ST":"WV","anchor":"end","dx":-8.4921875,"dy":3,"label_text":"Wheeling","text_ancho":"end"}},
{"type":"Feature","geometry":{"type":"Point","coordinates":[-731943.7020312881,442404.7844147256]},"properties":{"CLASS":2,"LAT":41.14554516,"LNG":-104.8020456,"NAME":"Cheyenne","ST":"WY","anchor":"end","dx":9.6953125,"dy":-9,"label_text":"Cheyenne","text_ancho":"end"}},
{"type":"Feature","geometry":{"type":"Point","coordinates":[-837596.2204529366,642969.0242790408]},"properties":{"CLASS":3,"LAT":42.83466366,"LNG":-106.3250636,"NAME":"Casper","ST":"WY","anchor":"middle","dx":0,"dy":-8,"label_text":"Casper","text_ancho":"middle"}}
]}