{"type":"FeatureCollection", "features": [
{"type":"Feature","geometry":{"type":"Point","coordinates":[205824.4033232443,511131.90450002626]},"properties":{"STATEFP":"19","ST":"IA","NAME":"Iowa","GEOID":"IA","X":205829.351532097,"Y":511136.259981265,"label_text":"Iowa","font_size":"13","text_ancho":"middle","dx":0,"dy":3,"NYT_ABBR":"Iowa","offset":false}},
{"type":"Feature","geometry":{"type":"Point","coordinates":[-200128.95800882345,120104.80093777971]},"properties":{"STATEFP":"20","ST":"KS","NAME":"Kansas","GEOID":"KS","X":-200143.051648027,"Y":120085.65037901,"label_text":"Kan.","font_size":"13","text_ancho":"middle","dx":0,"dy":3,"NYT_ABBR":"Kan.","offset":false}},
{"type":"Feature","geometry":{"type":"Point","coordinates":[992386.0420588795,64547.23202267056]},"properties":{"STATEFP":"21","ST":"KY","NAME":"Kentucky","GEOID":"KY","X":992401.980620201,"Y":64565.708681347,"label_text":"Ky.","font_size":"13","text_ancho":"middle","dx":1,"dy":3,"NYT_ABBR":"Ky.","offset":false}},
{"type":"Feature","geometry":{"type":"Point","coordinates":[855916.205678713,-491170.06520552]},"properties":{"STATEFP":"01","ST":"AL","NAME":"Alabama","GEOID":"AL","X":855919.122982443,"Y":-491182.461718341,"label_text":"Ala.","font_size":"13","text_ancho":"middle","dx":1,"dy":3,"NYT_ABBR":"Ala.","offset":false}},
{"type":"Feature","geometry":{"type":"Point","coordinates":[-1870312.3864335578,-896971.6114784116]},"properties":{"STATEFP":"02","ST":"AK","NAME":"Alaska","GEOID":"AK","X":-1870293.706121315,"Y":-896968.036780443,"label_text":"Alaska","font_size":"13","text_ancho":"middle","dx":0,"dy":6,"NYT_ABBR":"Alaska","offset":false}},
{"type":"Feature","geometry":{"type":"Point","coordinates":[-1418565.0666397666,-238777.26912303176]},"properties":{"STATEFP":"04","ST":"AZ","NAME":"Arizona","GEOID":"AZ","X":-1418547.466264484,"Y":-238758.57178643,"label_text":"Ariz.","font_size":"13","text_ancho":"middle","dx":1,"dy":2,"NYT_ABBR":"Ariz.","offset":false}},
{"type":"Feature","geometry":{"type":"Point","coordinates":[328901.6669457373,-291974.7034198269]},"properties":{"STATEFP":"05","ST":"AR","NAME":"Arkansas","GEOID":"AR","X":328910.643284773,"Y":-291990.055343364,"label_text":"Ark.","font_size":"13","text_ancho":"middle","dx":0,"dy":3,"NYT_ABBR":"Ark.","offset":false}},
{"type":"Feature","geometry":{"type":"Point","coordinates":[-2072497.0332268262,161454.35945063923]},"properties":{"STATEFP":"06","ST":"CA","NAME":"California","GEOID":"CA","X":-2072500.317266459,"Y":161461.365512924,"label_text":"Calif.","font_size":"13","text_ancho":"middle","dx":2,"dy":4,"NYT_ABBR":"Calif.","offset":false}},
{"type":"Feature","geometry":{"type":"Point","coordinates":[-817867.3767131378,208798.65989401587]},"properties":{"STATEFP":"08","ST":"CO","NAME":"Colorado","GEOID":"CO","X":-817880.03431687,"Y":208785.930065075,"label_text":"Colo.","font_size":"13","text_ancho":"middle","dx":0,"dy":3,"NYT_ABBR":"Colo.","offset":false}},
{"type":"Feature","geometry":{"type":"Point","coordinates":[1908841.2359280824,699989.8766575044]},"properties":{"STATEFP":"09","ST":"CT","NAME":"Connecticut","GEOID":"CT","X":1908848.717001207,"Y":700001.67019146,"label_text":"Conn.","font_size":"13","text_ancho":"middle","dx":1,"dy":3,"NYT_ABBR":"Conn.","offset":false}},
{"type":"Feature","geometry":{"type":"Point","coordinates":[1621692.9555108617,319064.1492616413]},"properties":{"STATEFP":"11","ST":"DC","NAME":"District of Columbia","GEOID":"DC","X":1621713.014410581,"Y":319055.520919127,"label_text":"D.C.","font_size":"13","text_ancho":"middle","dx":0,"dy":0,"NYT_ABBR":"D.C.","offset":false}},
{"type":"Feature","geometry":{"type":"Point","coordinates":[1395555.2843230441,-886492.613773098]},"properties":{"STATEFP":"12","ST":"FL","NAME":"Florida","GEOID":"FL","X":1395533.967319998,"Y":-886476.123940232,"label_text":"Fla.","font_size":"13","text_ancho":"middle","dx":2,"dy":3,"NYT_ABBR":"Fla.","offset":false}},
{"type":"Feature","geometry":{"type":"Point","coordinates":[1188234.4178700228,-485316.9313521015]},"properties":{"STATEFP":"13","ST":"GA","NAME":"Georgia","GEOID":"GA","X":1188244.814361321,"Y":-485307.709836939,"label_text":"Ga.","font_size":"13","text_ancho":"middle","dx":0,"dy":3,"NYT_ABBR":"Ga.","offset":false}},
{"type":"Feature","geometry":{"type":"Point","coordinates":[-884542.2281841373,-1117549.7929060287]},"properties":{"STATEFP":"15","ST":"HI","NAME":"Hawaii","GEOID":"HI","X":-884556.067052459,"Y":-1117528.325797269,"label_text":"Hawaii","font_size":"13","text_ancho":"start","dx":-1,"dy":2,"NYT_ABBR":"Hawaii","offset":true}},
{"type":"Feature","geometry":{"type":"Point","coordinates":[-1485815.9427455047,830835.7398968271]},"properties":{"STATEFP":"16","ST":"ID","NAME":"Idaho","GEOID":"ID","X":-1485812.15464288,"Y":830842.85622406,"label_text":"Idaho","font_size":"13","text_ancho":"middle","dx":2,"dy":4,"NYT_ABBR":"Idaho","offset":false}},
{"type":"Feature","geometry":{"type":"Point","coordinates":[560703.5803751517,321518.6892646877]},"properties":{"STATEFP":"17","ST":"IL","NAME":"Illinois","GEOID":"IL","X":560697.647270861,"Y":321523.773637855,"label_text":"Ill.","font_size":"13","text_ancho":"middle","dx":1,"dy":4,"NYT_ABBR":"Ill.","offset":false}},
{"type":"Feature","geometry":{"type":"Point","coordinates":[833211.234659431,308301.93540213]},"properties":{"STATEFP":"18","ST":"IN","NAME":"Indiana","GEOID":"IN","X":833221.203806708,"Y":308306.199399538,"label_text":"Ind.","font_size":"13","text_ancho":"middle","dx":0,"dy":0,"NYT_ABBR":"Ind.","offset":false}},
{"type":"Feature","geometry":{"type":"Point","coordinates":[-296709.08843333833,-666103.2431149462]},"properties":{"STATEFP":"48","ST":"TX","NAME":"Texas","GEOID":"TX","X":-296704.842549268,"Y":-666113.104286433,"label_text":"Texas","font_size":"13","text_ancho":"middle","dx":1,"dy":3,"NYT_ABBR":"Texas","offset":false}},
{"type":"Feature","geometry":{"type":"Point","coordinates":[-1328129.1989857976,291497.7769197349]},"properties":{"STATEFP":"49","ST":"UT","NAME":"Utah","GEOID":"UT","X":-1328134.009101252,"Y":291514.930880291,"label_text":"Utah","font_size":"13","text_ancho":"middle","dx":0,"dy":3,"NYT_ABBR":"Utah","offset":false}},
{"type":"Feature","geometry":{"type":"Point","coordinates":[1815093.2266243654,1098947.032537286]},"properties":{"STATEFP":"50","ST":"VT","NAME":"Vermont","GEOID":"VT","X":1815092.055857497,"Y":1098926.491212144,"label_text":"Vt.","font_size":"13","text_ancho":"middle","dx":0,"dy":2,"NYT_ABBR":"Vt","offset":true}},
{"type":"Feature","geometry":{"type":"Point","coordinates":[332021.80038390495,-689326.9677591549]},"properties":{"STATEFP":"22","ST":"LA","NAME":"Louisiana","GEOID":"LA","X":332011.400957202,"Y":-689315.503142361,"label_text":"La.","font_size":"13","text_ancho":"middle","dx":1,"dy":3,"NYT_ABBR":"La.","offset":false}},
{"type":"Feature","geometry":{"type":"Point","coordinates":[2070464.1480251704,1176029.0291714177]},"properties":{"STATEFP":"23","ST":"ME","NAME":"Maine","GEOID":"ME","X":2070483.369370106,"Y":1176010.253122384,"label_text":"Maine","font_size":"13","text_ancho":"middle","dx":2,"dy":4,"NYT_ABBR":"Maine","offset":false}},
{"type":"Feature","geometry":{"type":"Point","coordinates":[1619196.8487603278,362821.045085181]},"properties":{"STATEFP":"24","ST":"MD","NAME":"Maryland","GEOID":"MD","X":1619176.815679407,"Y":362827.778350245,"label_text":"Md.","font_size":"13","text_ancho":"middle","dx":1,"dy":4,"NYT_ABBR":"Md.","offset":false}},
{"type":"Feature","geometry":{"type":"Point","coordinates":[2052271.3699780074,821395.2014235712]},"properties":{"STATEFP":"25","ST":"MA","NAME":"Massachusetts","GEOID":"MA","X":2052267.268760792,"Y":821407.140716458,"label_text":"Mass.","font_size":"13","text_ancho":"start","dx":-6,"dy":6,"NYT_ABBR":"Mass.","offset":true}},
{"type":"Feature","geometry":{"type":"Point","coordinates":[916878.8128552209,668128.0593102667]},"properties":{"STATEFP":"26","ST":"MI","NAME":"Michigan","GEOID":"MI","X":916891.662500219,"Y":668121.90005547,"label_text":"Mich.","font_size":"13","text_ancho":"middle","dx":0,"dy":0,"NYT_ABBR":"Mich.","offset":false}},
{"type":"Feature","geometry":{"type":"Point","coordinates":[111596.37349057943,1013368.5512772237]},"properties":{"STATEFP":"27","ST":"MN","NAME":"Minnesota","GEOID":"MN","X":111600.059943293,"Y":1013389.027678862,"label_text":"Minn.","font_size":"13","text_ancho":"middle","dx":0,"dy":0,"NYT_ABBR":"Minn.","offset":false}},
{"type":"Feature","geometry":{"type":"Point","coordinates":[586384.678673917,-510853.58792225795]},"properties":{"STATEFP":"28","ST":"MS","NAME":"Mississippi","GEOID":"MS","X":586366.811297937,"Y":-510835.057486837,"label_text":"Miss.","font_size":"13","text_ancho":"middle","dx":1,"dy":4,"NYT_ABBR":"Miss.","offset":false}},
{"type":"Feature","geometry":{"type":"Point","coordinates":[300916.4701080178,89375.84820733266]},"properties":{"STATEFP":"29","ST":"MO","NAME":"Missouri","GEOID":"MO","X":300934.149549422,"Y":89376.180300481,"label_text":"Mo.","font_size":"13","text_ancho":"middle","dx":2,"dy":4,"NYT_ABBR":"Mo.","offset":false}},
{"type":"Feature","geometry":{"type":"Point","coordinates":[-1029604.4320324888,1126702.2156486574]},"properties":{"STATEFP":"30","ST":"MT","NAME":"Montana","GEOID":"MT","X":-1029588.605985282,"Y":1126680.900239653,"label_text":"Mont.","font_size":"13","text_ancho":"middle","dx":0,"dy":3,"NYT_ABBR":"Mont.","offset":false}},
{"type":"Feature","geometry":{"type":"Point","coordinates":[-314325.8418457622,454441.47096812655]},"properties":{"STATEFP":"31","ST":"NE","NAME":"Nebraska","GEOID":"NE","X":-314315.275397645,"Y":454426.126030869,"label_text":"Neb.","font_size":"13","text_ancho":"middle","dx":-1,"dy":2,"NYT_ABBR":"Neb.","offset":false}},
{"type":"Feature","geometry":{"type":"Point","coordinates":[1942778.6873247675,915281.3565400981]},"properties":{"STATEFP":"33","ST":"NH","NAME":"New Hampshire","GEOID":"NH","X":1942775.238780576,"Y":915264.764122746,"label_text":"N.H.","font_size":"13","text_ancho":"middle","dx":2,"dy":4,"NYT_ABBR":"N.H.","offset":false}},
{"type":"Feature","geometry":{"type":"Point","coordinates":[1853494.8689402756,478798.0602291259]},"properties":{"STATEFP":"34","ST":"NJ","NAME":"New Jersey","GEOID":"NJ","X":1853483.284408835,"Y":478782.358465927,"label_text":"N.J.","font_size":"13","text_ancho":"start","dx":0,"dy":5,"NYT_ABBR":"N.J.","offset":true}},
{"type":"Feature","geometry":{"type":"Point","coordinates":[-914687.5174021269,-287160.02879846666]},"properties":{"STATEFP":"35","ST":"NM","NAME":"New Mexico","GEOID":"NM","X":-914710.036464477,"Y":-287145.247863761,"label_text":"N.M.","font_size":"13","text_ancho":"middle","dx":2,"dy":4,"NYT_ABBR":"N.M.","offset":false}},
{"type":"Feature","geometry":{"type":"Point","coordinates":[1700656.3325229525,798360.2875488277]},"properties":{"STATEFP":"36","ST":"NY","NAME":"New York","GEOID":"NY","X":1700662.132307665,"Y":798345.661815642,"label_text":"N.Y.","font_size":"13","text_ancho":"middle","dx":2,"dy":4,"NYT_ABBR":"N.Y.","offset":false}},
{"type":"Feature","geometry":{"type":"Point","coordinates":[1555018.1040398623,-88672.7073982677]},"properties":{"STATEFP":"37","ST":"NC","NAME":"North Carolina","GEOID":"NC","X":1555037.068558489,"Y":-88654.001377442,"label_text":"N.C.","font_size":"13","text_ancho":"middle","dx":1,"dy":3,"NYT_ABBR":"N.C.","offset":false}},
{"type":"Feature","geometry":{"type":"Point","coordinates":[-322630.196996578,1104422.5448517741]},"properties":{"STATEFP":"38","ST":"ND","NAME":"North Dakota","GEOID":"ND","X":-322619.698424983,"Y":1104431.70934824,"label_text":"N.D.","font_size":"13","text_ancho":"middle","dx":0,"dy":4,"NYT_ABBR":"N.D.","offset":false}},
{"type":"Feature","geometry":{"type":"Point","coordinates":[1105142.864308972,379955.6224141398]},"properties":{"STATEFP":"39","ST":"OH","NAME":"Ohio","GEOID":"OH","X":1105149.952731861,"Y":379971.622190772,"label_text":"Ohio","font_size":"13","text_ancho":"middle","dx":-1,"dy":4,"NYT_ABBR":"Ohio","offset":false}},
{"type":"Feature","geometry":{"type":"Point","coordinates":[-88668.19118689373,-221831.50256353803]},"properties":{"STATEFP":"40","ST":"OK","NAME":"Oklahoma","GEOID":"OK","X":-88691.473707417,"Y":-221839.387190379,"label_text":"Okla.","font_size":"13","text_ancho":"middle","dx":-1,"dy":3,"NYT_ABBR":"Okla.","offset":false}},
{"type":"Feature","geometry":{"type":"Point","coordinates":[-1942939.4924635235,961020.7654430217]},"properties":{"STATEFP":"41","ST":"OR","NAME":"Oregon","GEOID":"OR","X":-1942952.973118279,"Y":961015.39631301,"label_text":"Ore.","font_size":"13","text_ancho":"middle","dx":2,"dy":4,"NYT_ABBR":"Ore.","offset":false}},
{"type":"Feature","geometry":{"type":"Point","coordinates":[1520264.6177439634,513680.8498878053]},"properties":{"STATEFP":"42","ST":"PA","NAME":"Pennsylvania","GEOID":"PA","X":1520243.710271645,"Y":513683.068554275,"label_text":"Pa.","font_size":"13","text_ancho":"middle","dx":-2,"dy":2,"NYT_ABBR":"Pa.","offset":false}},
{"type":"Feature","geometry":{"type":"Point","coordinates":[2008109.4813147108,689180.4601056268]},"properties":{"STATEFP":"44","ST":"RI","NAME":"Rhode Island","GEOID":"RI","X":2008090.828572596,"Y":689203.541542087,"label_text":"R.I.","font_size":"13","text_ancho":"start","dx":1,"dy":13,"NYT_ABBR":"R.I.","offset":true}},
{"type":"Feature","geometry":{"type":"Point","coordinates":[1396563.327433837,-299810.3503526291]},"properties":{"STATEFP":"45","ST":"SC","NAME":"South Carolina","GEOID":"SC","X":1396555.30220579,"Y":-299828.715155502,"label_text":"S.C.","font_size":"13","text_ancho":"middle","dx":0,"dy":2,"NYT_ABBR":"S.C.","offset":false}},
{"type":"Feature","geometry":{"type":"Point","coordinates":[-335590.7512781976,787314.8575351185]},"properties":{"STATEFP":"46","ST":"SD","NAME":"South Dakota","GEOID":"SD","X":-335587.018841168,"Y":787318.235667878,"label_text":"S.D.","font_size":"13","text_ancho":"middle","dx":1,"dy":3,"NYT_ABBR":"S.D.","offset":false}},
{"type":"Feature","geometry":{"type":"Point","coordinates":[856636.2364721363,-144796.70862177224]},"properties":{"STATEFP":"47","ST":"TN","NAME":"Tennessee","GEOID":"TN","X":856613.626420586,"Y":-144808.077158797,"label_text":"Tenn.","font_size":"13","text_ancho":"middle","dx":1,"dy":4,"NYT_ABBR":"Tenn.","offset":false}},
{"type":"Feature","geometry":{"type":"Point","coordinates":[1513976.3488147329,137994.62134459894]},"properties":{"STATEFP":"51","ST":"VA","NAME":"Virginia","GEOID":"VA","X":1513959.494154387,"Y":138017.948388508,"label_text":"Va.","font_size":"13","text_ancho":"middle","dx":1,"dy":4,"NYT_ABBR":"Va.","offset":false}},
{"type":"Feature","geometry":{"type":"Point","coordinates":[-1799077.339937544,1317495.498193153]},"properties":{"STATEFP":"53","ST":"WA","NAME":"Washington","GEOID":"WA","X":-1799091.263372479,"Y":1317498.915510518,"label_text":"Wash.","font_size":"13","text_ancho":"middle","dx":0,"dy":2,"NYT_ABBR":"Wash.","offset":false}},
{"type":"Feature","geometry":{"type":"Point","coordinates":[1309199.5911651407,223620.30529702734]},"properties":{"STATEFP":"54","ST":"WV","NAME":"West Virginia","GEOID":"WV","X":1309221.406166466,"Y":223610.817831031,"label_text":"W.Va.","font_size":"13","text_ancho":"middle","dx":-2,"dy":5,"NYT_ABBR":"W.Va.","offset":false}},
{"type":"Feature","geometry":{"type":"Point","coordinates":[490428.57493703533,807989.6367915485]},"properties":{"STATEFP":"55","ST":"WI","NAME":"Wisconsin","GEOID":"WI","X":490405.842661924,"Y":807975.115605587,"label_text":"Wis.","font_size":"13","text_ancho":"middle","dx":0,"dy":2,"NYT_ABBR":"Wis.","offset":false}},
{"type":"Feature","geometry":{"type":"Point","coordinates":[-934464.3631948207,676246.9223972666]},"properties":{"STATEFP":"56","ST":"WY","NAME":"Wyoming","GEOID":"WY","X":-934464.788341472,"Y":676248.843137783,"label_text":"Wyo.","font_size":"13","text_ancho":"middle","dx":1,"dy":3,"NYT_ABBR":"Wyo.","offset":false}},
{"type":"Feature","geometry":{"type":"Point","coordinates":[1810101.0131232976,322132.3242654493]},"properties":{"STATEFP":"10","ST":"DE","NAME":"Delaware","GEOID":"DE","X":1810124.44445794,"Y":322140.600214144,"label_text":"Del.","font_size":"13","text_ancho":"start","dx":-1,"dy":5,"NYT_ABBR":"Del.","offset":true}},
{"type":"Feature","geometry":{"type":"Point","coordinates":[-1747283.1248639598,442404.7844147256]},"properties":{"STATEFP":"32","ST":"NV","NAME":"Nevada","GEOID":"NV","X":-1747284.989396561,"Y":442427.251390062,"label_text":"Nev.","font_size":"13","text_ancho":"middle","dx":0,"dy":2,"NYT_ABBR":"Nev.","offset":false}}
]}