"year","state_abbrev","democrat","republican","other","winner","party_win"
"1992","AK","30.29","39.46","28.43","George H.W. Bush","republican"
"1992","AL","40.88","47.65","10.85","George H.W. Bush","republican"
"1992","AR","53.21","35.48","10.43","Bill Clinton","democrat"
"1992","AZ","36.5","38.5","23.8","George H.W. Bush","republican"
"1992","CA","46.01","32.61","NA","Bill Clinton","democrat"
"1992","CO","40.13","35.87","23.32","Bill Clinton","democrat"
"1992","CT","42.21","35.78","NA","Bill Clinton","democrat"
"1992","DC","84.64","9.1","4.25","Bill Clinton","democrat"
"1992","DE","43.52","35.78","20.45","Bill Clinton","democrat"
"1992","FL","39","40.89","19.82","George H.W. Bush","republican"
"1992","GA","43.47","42.88","13.34","Bill Clinton","democrat"
"1992","HI","48.09","36.7","14.22","Bill Clinton","democrat"
"1992","IA","43.29","37.27","18.71","Bill Clinton","democrat"
"1992","ID","28.42","42.03","27.05","George H.W. Bush","republican"
"1992","IL","48.58","34.34","16.64","Bill Clinton","democrat"
"1992","IN","36.79","42.91","19.77","George H.W. Bush","republican"
"1992","KS","33.74","38.88","26.99","George H.W. Bush","republican"
"1992","KY","44.55","41.34","13.66","Bill Clinton","democrat"
"1992","LA","45.58","40.97","11.81","Bill Clinton","democrat"
"1992","MA","47.54","29.03","22.8","Bill Clinton","democrat"
"1992","MD","49.8","35.62","14.18","Bill Clinton","democrat"
"1992","ME","38.77","30.39","30.44","Bill Clinton","democrat"
"1992","MI","43.77","36.38","19.3","Bill Clinton","democrat"
"1992","MN","43.48","31.85","23.96","Bill Clinton","democrat"
"1992","MO","44.07","33.92","21.69","Bill Clinton","democrat"
"1992","MS","40.77","49.68","8.72","George H.W. Bush","republican"
"1992","MT","37.63","35.12","26.12","Bill Clinton","democrat"
"1992","NC","42.65","43.44","13.7","George H.W. Bush","republican"
"1992","ND","32.18","44.22","23.07","George H.W. Bush","republican"
"1992","NE","29.4","46.58","NA","George H.W. Bush","republican"
"1992","NH","38.91","37.69","22.59","Bill Clinton","democrat"
"1992","NJ","42.95","40.58","15.61","Bill Clinton","democrat"
"1992","NM","45.9","37.34","16.12","Bill Clinton","democrat"
"1992","NV","37.36","34.73","26.19","Bill Clinton","democrat"
"1992","NY","49.73","33.88","NA","Bill Clinton","democrat"
"1992","OH","40.18","38.35","20.98","Bill Clinton","democrat"
"1992","OK","34.02","42.65","NA","George H.W. Bush","republican"
"1992","OR","42.48","32.53","24.21","Bill Clinton","democrat"
"1992","PA","45.15","36.12","18.2","Bill Clinton","democrat"
"1992","RI","47.04","29.02","23.16","Bill Clinton","democrat"
"1992","SC","39.88","48.02","11.55","George H.W. Bush","republican"
"1992","SD","37.14","40.66","21.8","George H.W. Bush","republican"
"1992","TN","47.08","42.43","10.09","Bill Clinton","democrat"
"1992","TX","37.08","40.56","22.01","George H.W. Bush","republican"
"1992","UT","24.65","43.36","27.34","George H.W. Bush","republican"
"1992","VA","40.59","44.97","13.63","George H.W. Bush","republican"
"1992","VT","46.11","30.42","22.78","Bill Clinton","democrat"
"1992","WA","43.4","32","NA","Bill Clinton","democrat"
"1992","WI","41.13","36.78","NA","Bill Clinton","democrat"
"1992","WV","48.41","35.39","15.91","Bill Clinton","democrat"
"1992","WY","34.1","39.7","25.65","George H.W. Bush","republican"
"1996","AK","33.27","50.8","10.9","Bob Dole","republican"
"1996","AL","43.16","50.12","6.01","Bob Dole","republican"
"1996","AR","53.74","36.8","7.9","Bill Clinton","democrat"
"1996","AZ","46.5","44.3","8","Bill Clinton","democrat"
"1996","CA","51.1","38.21","NA","Bill Clinton","democrat"
"1996","CO","44.43","45.8","6.59","Bob Dole","republican"
"1996","CT","52.83","34.69","NA","Bill Clinton","democrat"
"1996","DC","85.19","9.34","2.57","Bill Clinton","democrat"
"1996","DE","51.8","36.58","10.6","Bill Clinton","democrat"
"1996","FL","48.02","42.32","9.12","Bill Clinton","democrat"
"1996","GA","45.84","47.01","6.37","Bob Dole","republican"
"1996","HI","56.93","31.64","7.6","Bill Clinton","democrat"
"1996","IA","50.26","39.92","8.52","Bill Clinton","democrat"
"1996","ID","33.65","52.18","12.71","Bob Dole","republican"
"1996","IL","54.32","36.81","8.03","Bill Clinton","democrat"
"1996","IN","41.55","47.13","10.5","Bob Dole","republican"
"1996","KS","36.08","54.29","8.62","Bob Dole","republican"
"1996","KY","45.84","44.88","8.67","Bill Clinton","democrat"
"1996","LA","52.01","39.94","6.91","Bill Clinton","democrat"
"1996","MA","61.47","28.09","8.89","Bill Clinton","democrat"
"1996","MD","54.25","38.27","6.5","Bill Clinton","democrat"
"1996","ME","51.62","30.76","14.19","Bill Clinton","democrat"
"1996","MI","51.69","38.48","8.75","Bill Clinton","democrat"
"1996","MN","51.1","34.96","11.75","Bill Clinton","democrat"
"1996","MO","47.54","41.24","10.06","Bill Clinton","democrat"
"1996","MS","44.08","49.21","5.84","Bob Dole","republican"
"1996","MT","41.23","44.11","13.56","Bob Dole","republican"
"1996","NC","44.04","48.73","6.68","Bob Dole","republican"
"1996","ND","40.13","46.94","12.2","Bob Dole","republican"
"1996","NE","34.95","53.65","NA","Bob Dole","republican"
"1996","NH","49.32","39.37","9.69","Bill Clinton","democrat"
"1996","NJ","53.72","35.86","8.52","Bill Clinton","democrat"
"1996","NM","49.18","41.86","5.8","Bill Clinton","democrat"
"1996","NV","43.93","42.91","9.47","Bill Clinton","democrat"
"1996","NY","59.47","30.61","NA","Bill Clinton","democrat"
"1996","OH","47.38","41.02","10.66","Bill Clinton","democrat"
"1996","OK","40.42","48.22","NA","Bob Dole","republican"
"1996","OR","47.15","39.06","8.8","Bill Clinton","democrat"
"1996","PA","49.17","39.97","9.56","Bill Clinton","democrat"
"1996","RI","59.71","26.82","11.2","Bill Clinton","democrat"
"1996","SC","43.85","49.89","5.6","Bob Dole","republican"
"1996","SD","43.03","46.49","9.65","Bob Dole","republican"
"1996","TN","48","45.59","5.59","Bill Clinton","democrat"
"1996","TX","43.83","48.76","6.75","Bob Dole","republican"
"1996","UT","33.3","54.37","9.98","Bob Dole","republican"
"1996","VA","45.15","47.1","6.62","Bob Dole","republican"
"1996","VT","53.35","31.09","12","Bill Clinton","democrat"
"1996","WA","49.8","37.3","NA","Bill Clinton","democrat"
"1996","WI","48.81","38.48","NA","Bill Clinton","democrat"
"1996","WV","51.51","36.76","11.26","Bill Clinton","democrat"
"1996","WY","36.75","49.7","12.23","Bob Dole","republican"
"2000","AK","27.67","58.62","10.07","George W. Bush","republican"
"2000","AL","41.57","56.48","NA","George W. Bush","republican"
"2000","AR","45.86","51.31","1.46","George W. Bush","republican"
"2000","AZ","44.7","51","3","George W. Bush","republican"
"2000","CA","53.45","41.65","NA","Al Gore","democrat"
"2000","CO","42.39","50.75","NA","George W. Bush","republican"
"2000","CT","55.91","38.44","NA","Al Gore","democrat"
"2000","DC","85.16","8.95","5.24","Al Gore","democrat"
"2000","DE","54.96","41.9","NA","Al Gore","democrat"
"2000","FL","48.84","48.85","1.63","George W. Bush","republican"
"2000","GA","42.98","54.67","NA","George W. Bush","republican"
"2000","HI","55.79","37.46","5.88","Al Gore","democrat"
"2000","IA","48.54","48.22","NA","Al Gore","democrat"
"2000","ID","27.64","67.17","NA","George W. Bush","republican"
"2000","IL","54.6","42.58","NA","Al Gore","democrat"
"2000","IN","41.01","56.65","NA","George W. Bush","republican"
"2000","KS","37.24","58.04","NA","George W. Bush","republican"
"2000","KY","41.37","56.5","NA","George W. Bush","republican"
"2000","LA","44.88","52.55","NA","George W. Bush","republican"
"2000","MA","59.8","32.5","6.42","Al Gore","democrat"
"2000","MD","56.57","40.18","NA","Al Gore","democrat"
"2000","ME","49.09","43.97","NA","Al Gore","democrat"
"2000","MI","51.28","46.15","NA","Al Gore","democrat"
"2000","MN","47.91","45.5","NA","Al Gore","democrat"
"2000","MO","47.08","50.42","NA","George W. Bush","republican"
"2000","MS","40.7","57.62","NA","George W. Bush","republican"
"2000","MT","33.36","58.44","NA","George W. Bush","republican"
"2000","NC","43.2","56.03","NA","George W. Bush","republican"
"2000","ND","33.06","60.66","NA","George W. Bush","republican"
"2000","NE","33.25","62.25","NA","George W. Bush","republican"
"2000","NH","46.8","48.07","NA","George W. Bush","republican"
"2000","NJ","56.13","40.29","NA","Al Gore","democrat"
"2000","NM","47.91","47.85","3.55","Al Gore","democrat"
"2000","NV","45.98","49.52","NA","George W. Bush","republican"
"2000","NY","60.22","35.22","NA","Al Gore","democrat"
"2000","OH","46.46","49.97","NA","George W. Bush","republican"
"2000","OK","38.43","60.31","NA","George W. Bush","republican"
"2000","OR","46.96","46.52","NA","Al Gore","democrat"
"2000","PA","50.61","46.44","NA","Al Gore","democrat"
"2000","RI","60.99","31.91","NA","Al Gore","democrat"
"2000","SC","40.9","56.84","NA","George W. Bush","republican"
"2000","SD","37.56","60.3","NA","George W. Bush","republican"
"2000","TN","47.28","51.15","NA","George W. Bush","republican"
"2000","TX","37.98","59.3","NA","George W. Bush","republican"
"2000","UT","26.34","66.83","4.65","George W. Bush","republican"
"2000","VA","44.44","52.47","NA","George W. Bush","republican"
"2000","VT","50.63","40.7","NA","Al Gore","democrat"
"2000","WA","50.1","44.6","NA","Al Gore","democrat"
"2000","WI","47.83","47.61","NA","Al Gore","democrat"
"2000","WV","45.59","51.92","NA","George W. Bush","republican"
"2000","WY","27.7","67.76","2.12","George W. Bush","republican"
"2004","AK","35.52","61.07","1.62","George W. Bush","republican"
"2004","AL","36.84","62.46","NA","George W. Bush","republican"
"2004","AR","44.55","54.31","0.58","George W. Bush","republican"
"2004","AZ","44.4","54.9","0.6","George W. Bush","republican"
"2004","CA","54.31","44.36","NA","John Kerry","democrat"
"2004","CO","47.02","51.69","NA","George W. Bush","republican"
"2004","CT","54.31","43.95","NA","John Kerry","democrat"
"2004","DC","89.18","9.34","0.65","John Kerry","democrat"
"2004","DE","53.35","45.75","NA","John Kerry","democrat"
"2004","FL","47.09","52.1","0.43","George W. Bush","republican"
"2004","GA","41.37","57.97","NA","George W. Bush","republican"
"2004","HI","54.01","45.26","0.4","John Kerry","democrat"
"2004","IA","49.23","49.9","NA","George W. Bush","republican"
"2004","ID","30.26","68.38","NA","George W. Bush","republican"
"2004","IL","54.82","44.48","NA","John Kerry","democrat"
"2004","IN","39.26","59.94","NA","George W. Bush","republican"
"2004","KS","36.62","62","NA","George W. Bush","republican"
"2004","KY","39.69","59.55","NA","George W. Bush","republican"
"2004","LA","42.22","56.72","NA","George W. Bush","republican"
"2004","MA","61.94","36.78","NA","John Kerry","democrat"
"2004","MD","55.91","42.93","NA","John Kerry","democrat"
"2004","ME","53.57","44.58","NA","John Kerry","democrat"
"2004","MI","51.23","47.81","NA","John Kerry","democrat"
"2004","MN","51.09","47.61","NA","John Kerry","democrat"
"2004","MO","46.1","53.3","NA","George W. Bush","republican"
"2004","MS","39.76","59.45","NA","George W. Bush","republican"
"2004","MT","38.56","59.07","NA","George W. Bush","republican"
"2004","NC","43.58","56.02","NA","George W. Bush","republican"
"2004","ND","35.5","62.86","NA","George W. Bush","republican"
"2004","NE","32.68","65.9","NA","George W. Bush","republican"
"2004","NH","50.24","48.87","NA","John Kerry","democrat"
"2004","NJ","52.92","46.24","NA","John Kerry","democrat"
"2004","NM","49.05","49.84","0.54","George W. Bush","republican"
"2004","NV","47.88","50.47","NA","George W. Bush","republican"
"2004","NY","58.37","40.08","NA","John Kerry","democrat"
"2004","OH","48.71","50.81","NA","George W. Bush","republican"
"2004","OK","34.43","65.57","NA","George W. Bush","republican"
"2004","OR","51.35","47.19","NA","John Kerry","democrat"
"2004","PA","50.96","48.46","NA","John Kerry","democrat"
"2004","RI","59.42","38.67","NA","John Kerry","democrat"
"2004","SC","40.9","57.98","NA","George W. Bush","republican"
"2004","SD","38.44","59.91","NA","George W. Bush","republican"
"2004","TN","42.53","56.8","NA","George W. Bush","republican"
"2004","TX","38.22","61.09","NA","George W. Bush","republican"
"2004","UT","26","71.54","1.22","George W. Bush","republican"
"2004","VA","45.48","53.68","NA","George W. Bush","republican"
"2004","VT","58.94","38.8","NA","John Kerry","democrat"
"2004","WA","52.8","45.6","NA","John Kerry","democrat"
"2004","WI","49.7","49.32","NA","John Kerry","democrat"
"2004","WV","43.2","56.06","NA","George W. Bush","republican"
"2004","WY","29.07","68.86","1.13","George W. Bush","republican"
"2008","AK","37.89","59.42","1.16","John McCain","republican"
"2008","AL","38.74","60.32","NA","John McCain","republican"
"2008","AR","38.86","58.72","1.19","John McCain","republican"
"2008","AZ","45.1","53.6","0.5","John McCain","republican"
"2008","CA","61.01","36.95","NA","Barack Obama","democrat"
"2008","CO","53.66","44.71","NA","Barack Obama","democrat"
"2008","CT","60.59","38.22","NA","Barack Obama","democrat"
"2008","DC","92.46","6.53","0.43","Barack Obama","democrat"
"2008","DE","61.94","36.95","NA","Barack Obama","democrat"
"2008","FL","50.91","48.09","0.33","Barack Obama","democrat"
"2008","GA","46.99","52.2","NA","John McCain","republican"
"2008","HI","71.85","26.58","0.84","Barack Obama","democrat"
"2008","IA","53.93","44.39","NA","Barack Obama","democrat"
"2008","ID","36.09","61.52","NA","John McCain","republican"
"2008","IL","61.92","36.78","NA","Barack Obama","democrat"
"2008","IN","49.95","48.91","NA","Barack Obama","democrat"
"2008","KS","41.55","56.61","NA","John McCain","republican"
"2008","KY","41.17","57.4","NA","John McCain","republican"
"2008","LA","39.93","58.56","NA","John McCain","republican"
"2008","MA","61.8","35.99","NA","Barack Obama","democrat"
"2008","MD","61.92","36.47","NA","Barack Obama","democrat"
"2008","ME","57.71","40.38","NA","Barack Obama","democrat"
"2008","MI","57.43","40.96","NA","Barack Obama","democrat"
"2008","MN","54.06","43.82","NA","Barack Obama","democrat"
"2008","MO","49.29","49.43","NA","John McCain","republican"
"2008","MS","43","56.18","NA","John McCain","republican"
"2008","MT","47.25","49.51","NA","John McCain","republican"
"2008","NC","49.7","49.38","NA","Barack Obama","democrat"
"2008","ND","44.62","53.25","NA","John McCain","republican"
"2008","NE","41.6","56.53","NA","John McCain","republican"
"2008","NH","54.13","44.52","NA","Barack Obama","democrat"
"2008","NJ","57.27","41.7","NA","Barack Obama","democrat"
"2008","NM","56.91","41.78","0.64","Barack Obama","democrat"
"2008","NV","55.15","42.65","NA","Barack Obama","democrat"
"2008","NY","62.88","36.03","NA","Barack Obama","democrat"
"2008","OH","51.5","46.91","NA","Barack Obama","democrat"
"2008","OK","34.35","65.65","NA","John McCain","republican"
"2008","OR","56.75","40.4","NA","Barack Obama","democrat"
"2008","PA","54.65","44.3","NA","Barack Obama","democrat"
"2008","RI","62.86","35.06","NA","Barack Obama","democrat"
"2008","SC","44.9","53.87","NA","John McCain","republican"
"2008","SD","44.75","53.16","NA","John McCain","republican"
"2008","TN","41.83","56.9","NA","John McCain","republican"
"2008","TX","43.68","55.45","NA","John McCain","republican"
"2008","UT","34.41","62.58","1.26","John McCain","republican"
"2008","VA","52.63","46.33","NA","Barack Obama","democrat"
"2008","VT","67.46","30.45","NA","Barack Obama","democrat"
"2008","WA","57.3","40.3","NA","Barack Obama","democrat"
"2008","WI","56.22","42.31","NA","Barack Obama","democrat"
"2008","WV","42.59","55.71","NA","John McCain","republican"
"2008","WY","32.54","64.78","0.99","John McCain","republican"
"2012","AK","40.81","54.8","2.46","Mitt Romney","republican"
"2012","AL","38.36","60.55","NA","Mitt Romney","republican"
"2012","AR","36.88","60.57","1.52","Mitt Romney","republican"
"2012","AZ","44.6","53.7","1.4","Mitt Romney","republican"
"2012","CA","60.24","37.12","NA","Barack Obama","democrat"
"2012","CO","51.49","46.13","NA","Barack Obama","democrat"
"2012","CT","58.06","40.73","NA","Barack Obama","democrat"
"2012","DC","90.91","7.28","0.84","Barack Obama","democrat"
"2012","DE","58.61","39.98","NA","Barack Obama","democrat"
"2012","FL","50.01","49.13","0.53","Barack Obama","democrat"
"2012","GA","45.48","53.3","NA","Mitt Romney","republican"
"2012","HI","70.55","27.84","0.88","Barack Obama","democrat"
"2012","IA","51.99","46.18","NA","Barack Obama","democrat"
"2012","ID","32.62","64.53","NA","Mitt Romney","republican"
"2012","IL","57.6","40.73","NA","Barack Obama","democrat"
"2012","IN","43.93","54.13","NA","Mitt Romney","republican"
"2012","KS","37.99","59.71","NA","Mitt Romney","republican"
"2012","KY","37.8","60.49","NA","Mitt Romney","republican"
"2012","LA","40.58","57.78","NA","Mitt Romney","republican"
"2012","MA","60.65","37.51","NA","Barack Obama","democrat"
"2012","MD","61.97","35.9","NA","Barack Obama","democrat"
"2012","ME","56.27","40.98","NA","Barack Obama","democrat"
"2012","MI","54.21","44.71","NA","Barack Obama","democrat"
"2012","MN","52.65","44.96","NA","Barack Obama","democrat"
"2012","MO","44.38","53.76","NA","Mitt Romney","republican"
"2012","MS","43.79","55.29","NA","Mitt Romney","republican"
"2012","MT","41.7","55.35","NA","Mitt Romney","republican"
"2012","NC","48.35","50.39","NA","Mitt Romney","republican"
"2012","ND","38.69","58.32","NA","Mitt Romney","republican"
"2012","NE","38.03","59.8","NA","Mitt Romney","republican"
"2012","NH","51.98","46.4","NA","Barack Obama","democrat"
"2012","NJ","58.38","40.59","NA","Barack Obama","democrat"
"2012","NM","52.99","42.84","3.55","Barack Obama","democrat"
"2012","NV","52.36","45.68","NA","Barack Obama","democrat"
"2012","NY","63.35","35.17","NA","Barack Obama","democrat"
"2012","OH","50.67","47.69","NA","Barack Obama","democrat"
"2012","OK","33.3","66.77","NA","Mitt Romney","republican"
"2012","OR","54.24","42.15","NA","Barack Obama","democrat"
"2012","PA","52.08","46.68","NA","Barack Obama","democrat"
"2012","RI","62.7","35.24","NA","Barack Obama","democrat"
"2012","SC","44.09","54.56","NA","Mitt Romney","republican"
"2012","SD","39.87","57.89","NA","Mitt Romney","republican"
"2012","TN","39.08","59.48","NA","Mitt Romney","republican"
"2012","TX","41.38","57.17","NA","Mitt Romney","republican"
"2012","UT","24.75","72.79","1.24","Mitt Romney","republican"
"2012","VA","51.16","47.28","NA","Barack Obama","democrat"
"2012","VT","66.57","30.97","NA","Barack Obama","democrat"
"2012","WA","55.8","41","NA","Barack Obama","democrat"
"2012","WI","52.83","45.89","NA","Barack Obama","democrat"
"2012","WV","35.54","62.3","NA","Mitt Romney","republican"
"2012","WY","27.82","68.64","2.14","Mitt Romney","republican"
"2016","AK","36.55","51.28","5.88","Donald Trump","republican"
"2016","AL","34.36","62.08","NA","Donald Trump","republican"
"2016","AR","33.65","60.57","2.64","Donald Trump","republican"
"2016","AZ","45.1","48.7","4.1","Donald Trump","republican"
"2016","CA","61.73","31.62","NA","Hillary Clinton","democrat"
"2016","CO","48.16","43.25","NA","Hillary Clinton","democrat"
"2016","CT","54.57","40.93","NA","Hillary Clinton","democrat"
"2016","DC","90.86","4.09","1.58","Hillary Clinton","democrat"
"2016","DE","53.09","41.71","NA","Hillary Clinton","democrat"
"2016","FL","47.82","49.02","2.2","Donald Trump","republican"
"2016","GA","45.35","50.44","NA","Donald Trump","republican"
"2016","HI","62.22","30.04","3.72","Hillary Clinton","democrat"
"2016","IA","41.74","51.15","NA","Donald Trump","republican"
"2016","ID","27.48","59.25","NA","Donald Trump","republican"
"2016","IL","55.24","38.36","NA","Hillary Clinton","democrat"
"2016","IN","37.46","56.47","NA","Donald Trump","republican"
"2016","KS","35.74","56.16","NA","Donald Trump","republican"
"2016","KY","32.68","62.52","NA","Donald Trump","republican"
"2016","LA","38.45","58.09","NA","Donald Trump","republican"
"2016","MA","60.01","32.81","NA","Hillary Clinton","democrat"
"2016","MD","60.33","33.91","NA","Hillary Clinton","democrat"
"2016","ME","47.83","44.87","NA","Hillary Clinton","democrat"
"2016","MI","47.03","47.25","3.6","Donald Trump","republican"
"2016","MN","46.44","44.93","NA","Hillary Clinton","democrat"
"2016","MO","37.87","56.38","NA","Donald Trump","republican"
"2016","MS","40.06","57.86","NA","Donald Trump","republican"
"2016","MT","35.41","55.65","NA","Donald Trump","republican"
"2016","NC","46.17","49.83","NA","Donald Trump","republican"
"2016","ND","27.23","62.96","NA","Donald Trump","republican"
"2016","NE","33.7","58.75","NA","Donald Trump","republican"
"2016","NH","46.83","46.46","NA","Hillary Clinton","democrat"
"2016","NJ","54.77","41","NA","Hillary Clinton","democrat"
"2016","NM","48.26","40.04","9.34","Hillary Clinton","democrat"
"2016","NV","47.92","45.5","NA","Hillary Clinton","democrat"
"2016","NY","59.38","36.75","NA","Hillary Clinton","democrat"
"2016","OH","43.24","51.31","NA","Donald Trump","republican"
"2016","OK","28.93","65.32","NA","Donald Trump","republican"
"2016","OR","50.07","39.09","NA","Hillary Clinton","democrat"
"2016","PA","47.46","48.17","NA","Donald Trump","republican"
"2016","RI","54.41","38.9","NA","Hillary Clinton","democrat"
"2016","SC","40.67","54.94","NA","Donald Trump","republican"
"2016","SD","31.74","61.53","NA","Donald Trump","republican"
"2016","TN","34.72","60.72","NA","Donald Trump","republican"
"2016","TX","43.24","52.23","NA","Donald Trump","republican"
"2016","UT","27.46","45.54","21.54","Donald Trump","republican"
"2016","VA","49.75","44.43","NA","Hillary Clinton","democrat"
"2016","VT","56.68","30.27","NA","Hillary Clinton","democrat"
"2016","WA","52.5","36.8","NA","Hillary Clinton","democrat"
"2016","WI","46.45","47.22","NA","Donald Trump","republican"
"2016","WV","26.43","68.5","NA","Donald Trump","republican"
"2016","WY","21.88","68.17","5.19","Donald Trump","republican"
"2020","AK","42.77","52.83","2.47","Donald Trump","republican"
"2020","AL","36.57","62.03","NA","Donald Trump","republican"
"2020","AR","34.78","62.4","1.08","Donald Trump","republican"
"2020","AZ","49.4","49.1","1.5","Joe Biden","democrat"
"2020","CA","63.48","34.32","NA","Joe Biden","democrat"
"2020","CO","55.4","41.9","NA","Joe Biden","democrat"
"2020","CT","59.25","39.21","NA","Joe Biden","democrat"
"2020","DC","92.15","5.4","0.59","Joe Biden","democrat"
"2020","DE","58.74","39.77","NA","Joe Biden","democrat"
"2020","FL","47.86","51.22","0.64","Donald Trump","republican"
"2020","GA","49.47","49.24","NA","Joe Biden","democrat"
"2020","HI","63.73","34.27","0.96","Joe Biden","democrat"
"2020","IA","44.89","53.09","NA","Donald Trump","republican"
"2020","ID","33.07","63.84","NA","Donald Trump","republican"
"2020","IL","57.54","40.55","NA","Joe Biden","democrat"
"2020","IN","40.96","57.02","NA","Donald Trump","republican"
"2020","KS","41.51","56.14","NA","Donald Trump","republican"
"2020","KY","36.15","62.09","NA","Donald Trump","republican"
"2020","LA","39.85","58.46","NA","Donald Trump","republican"
"2020","MA","65.6","32.14","NA","Joe Biden","democrat"
"2020","MD","65.36","32.15","NA","Joe Biden","democrat"
"2020","ME","53.09","44.02","NA","Joe Biden","democrat"
"2020","MI","50.62","47.84","NA","Joe Biden","democrat"
"2020","MN","52.4","45.28","NA","Joe Biden","democrat"
"2020","MO","41.41","56.8","NA","Donald Trump","republican"
"2020","MS","41.06","57.6","NA","Donald Trump","republican"
"2020","MT","40.55","56.92","NA","Donald Trump","republican"
"2020","NC","48.59","49.93","NA","Donald Trump","republican"
"2020","ND","31.76","65.11","NA","Donald Trump","republican"
"2020","NE","39.17","58.22","NA","Donald Trump","republican"
"2020","NH","52.71","45.36","NA","Joe Biden","democrat"
"2020","NJ","57.14","41.26","NA","Joe Biden","democrat"
"2020","NM","54.29","43.5","1.36","Joe Biden","democrat"
"2020","NV","50.06","47.67","NA","Joe Biden","democrat"
"2020","NY","60.87","37.74","NA","Joe Biden","democrat"
"2020","OH","45.24","53.27","NA","Donald Trump","republican"
"2020","OK","32.29","65.37","NA","Donald Trump","republican"
"2020","OR","56.45","40.37","NA","Joe Biden","democrat"
"2020","PA","49.85","48.84","NA","Joe Biden","democrat"
"2020","RI","59.39","38.61","NA","Joe Biden","democrat"
"2020","SC","43.43","55.11","NA","Donald Trump","republican"
"2020","SD","35.61","61.77","NA","Donald Trump","republican"
"2020","TN","37.45","60.66","NA","Donald Trump","republican"
"2020","TX","46.48","52.06","NA","Donald Trump","republican"
"2020","UT","37.65","58.13","2.58","Donald Trump","republican"
"2020","VA","54.11","44","NA","Joe Biden","democrat"
"2020","VT","66.09","30.67","NA","Joe Biden","democrat"
"2020","WA","58","38.8","NA","Joe Biden","democrat"
"2020","WI","49.45","48.82","NA","Joe Biden","democrat"
"2020","WV","29.69","68.62","NA","Donald Trump","republican"
"2020","WY","26.55","69.94","2.08","Donald Trump","republican"
"2024","AK","41.41","54.54","1.68","Donald Trump","republican"
"2024","AL","34.1","64.57","NA","Donald Trump","republican"
"2024","AR","33.56","64.2","1.12","Donald Trump","republican"
"2024","AZ","46.7","52.2","0.5","Donald Trump","republican"
"2024","CA","58.47","38.33","NA","Kamala Harris","democrat"
"2024","CO","54.13","43.14","NA","Kamala Harris","democrat"
"2024","CT","56.4","41.89","NA","Kamala Harris","democrat"
"2024","DC","90.28","6.47","0.85","Kamala Harris","democrat"
"2024","DE","56.49","41.79","NA","Kamala Harris","democrat"
"2024","FL","42.99","56.09","0.4","Donald Trump","republican"
"2024","GA","48.53","50.73","NA","Donald Trump","republican"
"2024","HI","60.59","37.48","0.85","Kamala Harris","democrat"
"2024","IA","42.52","55.73","NA","Donald Trump","republican"
"2024","ID","30.38","66.87","NA","Donald Trump","republican"
"2024","IL","54.37","43.47","NA","Kamala Harris","democrat"
"2024","IN","39.62","58.58","NA","Donald Trump","republican"
"2024","KS","41.04","57.16","NA","Donald Trump","republican"
"2024","KY","33.94","64.47","NA","Donald Trump","republican"
"2024","LA","38.21","60.22","NA","Donald Trump","republican"
"2024","MA","61.22","36.02","NA","Kamala Harris","democrat"
"2024","MD","62.62","34.08","NA","Kamala Harris","democrat"
"2024","ME","52.4","45.46","NA","Kamala Harris","democrat"
"2024","MI","48.31","49.73","NA","Donald Trump","republican"
"2024","MN","50.92","46.68","NA","Kamala Harris","democrat"
"2024","MO","40.08","58.49","NA","Donald Trump","republican"
"2024","MS","38","60.89","NA","Donald Trump","republican"
"2024","MT","38.46","58.39","NA","Donald Trump","republican"
"2024","NC","47.65","50.86","NA","Donald Trump","republican"
"2024","ND","30.51","66.96","NA","Donald Trump","republican"
"2024","NE","38.86","59.32","NA","Donald Trump","republican"
"2024","NH","50.65","47.87","NA","Kamala Harris","democrat"
"2024","NJ","51.97","46.06","NA","Kamala Harris","democrat"
"2024","NM","51.85","45.85","1.03","Kamala Harris","democrat"
"2024","NV","47.49","50.59","NA","Donald Trump","republican"
"2024","NY","55.12","42.71","NA","Kamala Harris","democrat"
"2024","OH","43.86","55.21","NA","Donald Trump","republican"
"2024","OK","31.9","66.16","NA","Donald Trump","republican"
"2024","OR","55.27","40.97","NA","Kamala Harris","democrat"
"2024","PA","48.66","50.37","NA","Donald Trump","republican"
"2024","RI","55.54","41.76","NA","Kamala Harris","democrat"
"2024","SC","40.36","58.23","NA","Donald Trump","republican"
"2024","SD","34.24","63.43","NA","Donald Trump","republican"
"2024","TN","34.47","64.19","NA","Donald Trump","republican"
"2024","TX","42.46","56.14","NA","Donald Trump","republican"
"2024","UT","37.79","59.38","1.14","Donald Trump","republican"
"2024","VA","51.83","46.05","NA","Kamala Harris","democrat"
"2024","VT","63.83","32.32","NA","Kamala Harris","democrat"
"2024","WA","57.2","39","NA","Kamala Harris","democrat"
"2024","WI","48.74","49.6","NA","Donald Trump","republican"
"2024","WV","28.1","69.97","NA","Donald Trump","republican"
"2024","WY","25.84","71.6","1.56","Donald Trump","republican"
